종목코드,탭코드,종목명,현재가,등락구분,전일비,등락률,순자산가치(NAV),3개월수익률,거래량,거래대금(백만),시가총액(억),유형,브랜드,인버스,레버리지,환헤지H
459580,6,KODEX CD금리액티브(합성),1035155,2,100,0.01,1035156.0,0.884,344339,356445,83168,채권,KODEX,False,False,False
357870,6,TIGER CD금리투자KIS(합성),54265,2,5,0.01,54258.0,0.8456,132995,7216,73403,채권,TIGER,False,False,False
069500,1,KODEX 200,37460,2,130,0.35,37556.0,6.584,1895070,70864,63813,국내 시장지수,KODEX,False,False,False
423160,6,KODEX KOFR금리액티브(합성),106685,3,0,0.0,106678.0,0.8841,609048,64976,52336,채권,KODEX,False,False,False
449170,6,TIGER KOFR금리액티브(합성),105225,2,10,0.01,105221.0,0.8869,42740,4497,37320,채권,TIGER,False,False,False
360750,4,TIGER 미국S&P500,17625,2,85,0.48,17593.0,7.2586,1144322,20162,32474,해외 주식,TIGER,False,False,False
133690,4,TIGER 미국나스닥100,109905,2,485,0.44,109731.0,5.4041,114739,12607,31455,해외 주식,TIGER,False,False,False
273130,6,KODEX 종합채권(AA-이상)액티브,109885,5,-50,-0.05,109920.0,0.6592,7426,815,28325,채권,KODEX,False,False,False
465680,6,KODEX 24-12 은행채(AA+이상)액티브,10280,3,0,0.0,10280.0,0.8832,49967,513,26173,채권,KODEX,False,False,False
381180,4,TIGER 미국필라델피아반도체나스닥,17315,3,0,0.0,17250.0,13.3254,1316211,22768,23704,해외 주식,TIGER,False,False,False
102110,1,TIGER 200,37525,2,130,0.35,37620.0,6.5263,827801,31001,23153,국내 시장지수,TIGER,False,False,False
122630,3,KODEX 레버리지,19955,2,150,0.76,20174.0,10.9213,10526173,209148,21561,국내 파생,KODEX,False,True,False
278530,1,KODEX 200TR,13030,2,55,0.42,13060.0,6.396,191363,2486,21519,국내 시장지수,KODEX,False,False,False
381170,4,TIGER 미국테크TOP10 INDXX,18285,2,50,0.27,18250.0,10.3813,883642,16153,21256,해외 주식,TIGER,False,False,False
371460,4,TIGER 차이나전기차SOLACTIVE,8120,5,-120,-1.46,8100.0,20.6442,1744008,14250,20505,해외 주식,TIGER,False,False,False
455890,6,KBSTAR 머니마켓액티브,52185,2,5,0.01,52182.0,0.9772,222371,11604,15700,채권,KBSTAR,False,False,False
252670,3,KODEX 200선물인버스2X,1991,5,-14,-0.7,1992.0,-12.0615,147938145,295905,13407,국내 파생,KODEX,True,False,False
102780,2,KODEX 삼성그룹,9685,2,45,0.47,9706.0,7.0516,514085,4969,12988,국내 업종/테마,KODEX,False,False,False
148020,1,KBSTAR 200,37715,2,140,0.37,37802.0,6.5473,162115,6099,12842,국내 시장지수,KBSTAR,False,False,False
305540,2,TIGER 2차전지테마,23530,2,55,0.23,23585.0,-1.8358,228754,5352,12765,국내 업종/테마,TIGER,False,False,False
305720,2,KODEX 2차전지산업,20055,5,-5,-0.02,20093.0,-0.5701,542173,10821,12735,국내 업종/테마,KODEX,False,False,False
315930,2,KODEX Top5PlusTR,23145,2,70,0.3,23143.0,10.698,14083,325,12730,국내 업종/테마,KODEX,False,False,False
470260,6,TIGER 24-12 금융채(AA-이상),51160,2,10,0.02,51168.0,0.8975,830,42,12634,채권,TIGER,False,False,False
214980,6,KODEX 단기채권PLUS,110435,2,30,0.03,110436.0,0.808,7563,835,12089,채권,KODEX,False,False,False
292150,2,TIGER TOP10,12425,5,-25,-0.2,12465.0,8.3079,71926,893,11940,국내 업종/테마,TIGER,False,False,False
453850,6,ACE 미국30년국채액티브(H),8265,3,0,0.0,8276.0,-4.5282,1450063,11998,11571,채권,ACE,False,False,True
310970,1,TIGER MSCI Korea TR,16035,2,75,0.47,16064.0,6.6132,5115,81,11401,국내 시장지수,TIGER,False,False,False
385540,6,KBSTAR 종합채권(A-이상)액티브,101800,5,-25,-0.02,101810.0,0.4934,2146,218,11296,채권,KBSTAR,False,False,False
233740,3,KODEX 코스닥150레버리지,11830,2,20,0.17,11925.0,25.1059,16371002,191048,10955,국내 파생,KODEX,False,True,False
379800,4,KODEX 미국S&P500TR,16060,2,80,0.5,16031.0,7.3203,734023,11792,10632,해외 주식,KODEX,False,False,False
360200,4,ACE 미국S&P500,17830,2,90,0.51,17792.0,7.3005,173809,3097,9735,해외 주식,ACE,False,False,False
229200,1,KODEX 코스닥150,14310,2,20,0.14,14377.0,12.4577,4109473,58396,9022,국내 시장지수,KODEX,False,False,False
396500,2,TIGER Fn반도체TOP10,13210,2,115,0.88,13188.0,27.5197,1140448,14953,8712,국내 업종/테마,TIGER,False,False,False
458730,4,TIGER 미국배당다우존스,11390,2,45,0.4,11360.0,4.8715,654279,7452,8400,해외 주식,TIGER,False,False,False
447820,6,TIGER 24-10 회사채(A+이상)액티브,54865,2,10,0.02,54855.0,0.9384,26882,1474,8117,채권,TIGER,False,False,False
436140,6,SOL 종합채권(AA-이상)액티브,106380,2,75,0.07,106366.0,0.4251,3,0,8115,채권,SOL,False,False,False
367380,4,ACE 미국나스닥100,18890,2,70,0.37,18859.0,5.5169,130338,2462,7764,해외 주식,ACE,False,False,False
379810,4,KODEX 미국나스닥100TR,16420,2,75,0.46,16396.0,5.4516,252343,4144,7758,해외 주식,KODEX,False,False,False
139260,2,TIGER 200 IT,34515,2,45,0.13,34519.0,10.1665,22174,763,7655,국내 업종/테마,TIGER,False,False,False
157450,6,TIGER 단기통안채,106830,3,0,0.0,106843.0,0.7402,6481,692,7536,채권,TIGER,False,False,False
091160,2,KODEX 반도체,41995,2,160,0.38,42012.0,22.1995,264676,11055,7433,국내 업종/테마,KODEX,False,False,False
153130,6,KODEX 단기채권,109500,3,0,0.0,109510.0,0.7591,8365,916,7240,채권,KODEX,False,False,False
356540,6,ACE 종합채권(AA-이상)KIS액티브,100395,5,-55,-0.05,100384.0,0.5354,272,27,7139,채권,ACE,False,False,False
294400,1,KOSEF 200TR,47390,2,160,0.34,47507.0,6.5298,20653,977,7037,국내 시장지수,KOSEF,False,False,False
462010,2,TIGER 2차전지소재Fn,7135,5,-5,-0.07,7145.0,-4.5327,496471,3516,6839,국내 업종/테마,TIGER,False,False,False
453540,6,TIGER 25-10 회사채(A+이상)액티브,52660,2,5,0.01,52651.0,0.9974,83773,4411,6778,채권,TIGER,False,False,False
152100,1,ARIRANG 200,38020,2,110,0.29,38113.0,6.6385,43914,1666,6558,국내 시장지수,ARIRANG,False,False,False
091180,2,KODEX 자동차,20835,2,100,0.48,20861.0,0.9936,236979,4925,6219,국내 업종/테마,KODEX,False,False,False
458760,4,TIGER 미국배당+7%프리미엄다우존스,10270,2,30,0.29,10243.0,3.8223,677843,6956,6208,해외 주식,TIGER,False,False,False
371160,4,TIGER 차이나항셍테크,5850,5,-40,-0.68,5844.0,26.803,2169851,12844,6122,해외 주식,TIGER,False,False,False
475630,7,TIGER 1년은행양도성예금증서액티브(합성),1009780,2,100,0.01,1009779.0,0.8555,20579,20780,6016,기타,TIGER,False,False,False
272580,6,TIGER 단기채권액티브,53810,2,10,0.02,53798.0,0.834,7297,392,5904,채권,TIGER,False,False,False
114800,3,KODEX 인버스,4110,5,-10,-0.24,4106.0,-5.5046,20893689,85987,5766,국내 파생,KODEX,True,False,False
329750,6,TIGER 미국달러단기채권액티브,12065,2,45,0.37,12053.0,3.2646,69472,837,5674,채권,TIGER,False,False,False
196230,6,KBSTAR 단기통안채,111460,2,10,0.01,111473.0,0.7412,37299,4157,5352,채권,KBSTAR,False,False,False
314250,4,KODEX 미국빅테크10(H),36840,5,-15,-0.04,36771.0,5.9356,80114,2945,5345,해외 주식,KODEX,False,False,True
293180,1,HANARO 200,37555,2,150,0.4,37663.0,6.3911,15666,587,5333,국내 시장지수,HANARO,False,False,False
446720,4,SOL 미국배당다우존스,10455,2,50,0.48,10420.0,4.9102,263660,2754,5228,해외 주식,SOL,False,False,False
451540,6,TIGER 종합채권(AA-이상)액티브,52530,2,10,0.02,52533.0,0.4878,3745,196,4982,채권,TIGER,False,False,False
148070,6,KOSEF 국고채10년,110930,5,-70,-0.06,110947.0,-0.1979,8886,985,4892,채권,KOSEF,False,False,False
105190,1,ACE 200,37730,2,85,0.23,37826.0,6.5344,9785,368,4735,국내 시장지수,ACE,False,False,False
368590,4,KBSTAR 미국나스닥100,18280,2,80,0.44,18252.0,5.4033,114464,2092,4661,해외 주식,KBSTAR,False,False,False
469830,6,SOL 초단기채권액티브,51160,3,0,0.0,51159.0,0.9969,136462,6981,4636,채권,SOL,False,False,False
385560,6,KBSTAR KIS국고채30년Enhanced,70185,2,125,0.18,70140.0,-1.1792,32203,2259,4555,채권,KBSTAR,False,False,False
365780,6,ACE 국고채10년,87165,2,15,0.02,87190.0,-0.326,4765,415,4375,채권,ACE,False,False,False
329200,2,TIGER 리츠부동산인프라,4500,2,35,0.78,4511.0,4.7138,800513,3591,4343,국내 업종/테마,TIGER,False,False,False
278540,1,KODEX MSCI Korea TR,12740,2,25,0.2,12797.0,7.2091,1005,12,4230,국내 시장지수,KODEX,False,False,False
455850,2,SOL AI반도체소부장,16490,2,140,0.86,16518.0,29.7207,499803,8176,4106,국내 업종/테마,SOL,False,False,False
481050,6,KODEX 1년은행양도성예금증서+액티브(합성),1002305,2,95,0.01,1002304.0,,5264,5276,3959,채권,KODEX,False,False,False
251340,3,KODEX 코스닥150선물인버스,3405,5,-5,-0.15,3422.0,-12.2266,20703658,71040,3943,국내 파생,KODEX,True,False,False
458250,6,TIGER 미국30년국채스트립액티브(합성 H),42010,2,140,0.33,42147.0,-7.9781,150052,6308,3883,채권,TIGER,False,False,True
091170,2,KODEX 은행,8120,2,220,2.78,8130.0,7.8645,804029,6498,3861,국내 업종/테마,KODEX,False,False,False
114260,6,KODEX 국고채3년,59485,2,20,0.03,59444.0,0.2867,2383,141,3832,채권,KODEX,False,False,False
476810,6,KODEX 25-11 은행채(AA-이상)PLUS액티브,10075,2,5,0.05,10080.0,,1386,13,3767,채권,KODEX,False,False,False
390390,4,KODEX 미국반도체MV,20660,5,-30,-0.14,20602.0,17.9925,402333,8303,3688,해외 주식,KODEX,False,False,False
379780,4,KBSTAR 미국S&P500,15415,2,70,0.46,15391.0,7.3602,127845,1970,3684,해외 주식,KBSTAR,False,False,False
461460,6,ARIRANG 국고채10년액티브,51840,2,20,0.04,51827.0,-0.3174,24,1,3680,채권,ARIRANG,False,False,False
476450,6,히어로즈 머니마켓액티브,50430,2,10,0.02,50427.0,,39598,1996,3674,채권,히어로즈,False,False,False
226490,1,KODEX 코스피,27890,2,120,0.43,27895.0,5.5652,173151,4814,3668,국내 시장지수,KODEX,False,False,False
441680,7,TIGER 미국나스닥100커버드콜(합성),10365,2,40,0.39,10357.0,3.9359,287305,2972,3612,기타,TIGER,False,False,False
364980,2,TIGER 2차전지TOP10,13055,2,25,0.19,13099.0,1.4797,894388,11630,3525,국내 업종/테마,TIGER,False,False,False
069660,1,KOSEF 200,37425,2,130,0.35,37516.0,6.554,40247,1502,3499,국내 시장지수,KOSEF,False,False,False
455030,6,KODEX 미국달러SOFR금리액티브(합성),11105,2,20,0.18,11096.0,4.1823,40407,449,3458,채권,KODEX,False,False,False
446770,4,ACE 글로벌반도체TOP4 Plus SOLACTIVE,22365,5,-175,-0.78,22278.0,17.2675,216591,4839,3433,해외 주식,ACE,False,False,False
273140,6,KODEX 단기변동금리부채권액티브,110510,2,20,0.02,110507.0,0.7936,4283,473,3355,채권,KODEX,False,False,False
251350,4,KODEX 선진국MSCI World,26685,2,25,0.09,26623.0,7.691,32320,863,3336,해외 주식,KODEX,False,False,False
479080,6,1Q 머니마켓액티브,50245,2,10,0.02,50242.0,,62280,3129,3316,채권,1Q,False,False,False
394660,4,TIGER 글로벌자율주행&전기차SOLACTIVE,10920,5,-35,-0.32,10970.0,7.4546,41834,457,3280,해외 주식,TIGER,False,False,False
466940,2,TIGER 은행고배당플러스TOP10,13150,2,335,2.61,13158.0,9.9339,311853,4073,3189,국내 업종/테마,TIGER,False,False,False
302190,6,TIGER 중장기국채,49980,2,20,0.04,49987.0,-0.09,2990,149,3189,채권,TIGER,False,False,False
467940,6,KODEX 25-11 회사채(A+이상)액티브,10430,2,5,0.05,10425.0,1.0664,3793,39,3180,채권,KODEX,False,False,False
304660,6,KODEX 미국30년국채울트라선물(H),7775,2,15,0.19,7766.0,-4.3747,728582,5663,3172,채권,KODEX,False,False,True
453870,4,TIGER 인도니프티50,12375,2,45,0.36,12371.0,3.5177,332018,4102,3168,해외 주식,TIGER,False,False,False
476550,6,TIGER 미국30년국채프리미엄액티브(H),9445,2,10,0.11,9448.0,,1091068,10309,3140,채권,TIGER,False,False,True
453810,4,KODEX 인도Nifty50,12635,2,35,0.28,12652.0,3.4397,397801,5022,3140,해외 주식,KODEX,False,False,False
394670,4,TIGER 글로벌리튬&2차전지SOLACTIVE(합성),6925,5,-50,-0.72,6942.0,14.6261,73436,510,3138,해외 주식,TIGER,False,False,False
477080,6,KBSTAR CD금리액티브(합성),100455,2,15,0.01,100427.0,,2048,205,3114,채권,KBSTAR,False,False,False
402970,4,ACE 미국배당다우존스,11535,2,40,0.35,11501.0,4.9867,170844,1969,3091,해외 주식,ACE,False,False,False
388420,2,KBSTAR 비메모리반도체액티브,14340,2,60,0.42,14357.0,27.4203,357500,5101,2920,국내 업종/테마,KBSTAR,False,False,False
161510,2,ARIRANG 고배당주,13780,2,165,1.21,13799.0,3.8441,173608,2383,2861,국내 업종/테마,ARIRANG,False,False,False
439860,6,KODEX ESG종합채권(A-이상)액티브,109110,2,175,0.16,109091.0,0.9732,10,1,2793,채권,KODEX,False,False,False
439870,6,KODEX 국고채30년액티브,104735,2,90,0.09,104803.0,-0.787,4683,490,2778,채권,KODEX,False,False,False
143860,2,TIGER 헬스케어,34085,5,-15,-0.04,34218.0,13.3982,48380,1642,2768,국내 업종/테마,TIGER,False,False,False
472870,6,KBSTAR 미국30년국채엔화노출(합성 H),8620,2,10,0.12,8613.0,-7.6478,439563,3793,2728,채권,KBSTAR,False,False,True
456610,6,TIGER 미국달러SOFR금리액티브(합성),53610,2,245,0.46,53562.0,3.4706,7627,408,2704,채권,TIGER,False,False,False
474220,4,TIGER 미국테크TOP10+10%프리미엄,11365,2,50,0.44,11338.0,10.1538,536213,6093,2625,해외 주식,TIGER,False,False,False
091230,2,TIGER 반도체,43565,2,245,0.57,43533.0,21.6238,114769,4983,2605,국내 업종/테마,TIGER,False,False,False
245710,4,ACE 베트남VN30(합성),19465,2,85,0.44,19648.0,4.0257,90212,1757,2589,해외 주식,ACE,False,False,False
457480,4,ACE 테슬라밸류체인액티브,10130,5,-315,-3.02,10109.0,8.1822,869683,8830,2558,해외 주식,ACE,False,False,False
471990,2,KODEX AI반도체핵심장비,14040,2,195,1.41,14077.0,41.5499,1596619,22267,2541,국내 업종/테마,KODEX,False,False,False
290130,2,KBSTAR ESG사회책임투자,12585,2,140,1.12,12625.0,6.1588,10376,130,2448,국내 업종/테마,KBSTAR,False,False,False
241180,4,TIGER 일본니케이225,20400,5,-270,-1.31,20336.0,6.2178,35311,722,2432,해외 주식,TIGER,False,False,False
448880,6,ACE 24-12 회사채(AA-이상)액티브,104210,2,5,0.0,104210.0,0.964,3427,357,2366,채권,ACE,False,False,False
451000,6,ARIRANG 종합채권(AA-이상)액티브,107015,5,-15,-0.01,106963.0,0.6015,16,1,2359,채권,ARIRANG,False,False,False
367770,2,KBSTAR Fn수소경제테마,9290,2,55,0.6,9323.0,3.7523,23928,221,2336,국내 업종/테마,KBSTAR,False,False,False
451600,6,ARIRANG 국고채30년액티브,100625,2,80,0.08,100594.0,-0.6669,124,12,2250,채권,ARIRANG,False,False,False
449180,4,KODEX 미국S&P500(H),12215,2,10,0.08,12216.0,4.3519,70704,863,2241,해외 주식,KODEX,False,False,True
465580,4,ACE 미국빅테크TOP7 Plus,13310,2,50,0.38,13315.0,12.1353,219390,2923,2229,해외 주식,ACE,False,False,False
361580,1,KBSTAR 200TR,20510,2,45,0.22,20564.0,6.5607,29892,611,2164,국내 시장지수,KBSTAR,False,False,False
456600,4,TIMEFOLIO 글로벌AI인공지능액티브,18795,5,-65,-0.34,18805.0,18.3929,171025,3219,2161,해외 주식,TIMEFOLIO,False,False,False
448290,4,TIGER 미국S&P500TR(H),12570,2,20,0.16,12566.0,4.3659,47027,591,2156,해외 주식,TIGER,False,False,True
422420,2,KBSTAR 2차전지액티브,9965,2,30,0.3,9993.0,-0.6997,24062,238,2154,국내 업종/테마,KBSTAR,False,False,False
200250,4,KOSEF 인도Nifty50(합성),23290,2,20,0.09,23174.0,3.5833,90877,2110,2131,해외 주식,KOSEF,False,False,False
295040,1,SOL 200TR,13565,2,55,0.41,13587.0,6.336,149991,2030,2096,국내 시장지수,SOL,False,False,False
192090,4,TIGER 차이나CSI300,8990,5,-70,-0.77,8979.0,12.4767,84793,763,2095,해외 주식,TIGER,False,False,False
423920,4,TIGER 미국필라델피아반도체레버리지(합성),22555,2,60,0.27,22389.0,23.9393,199817,4491,2071,해외 주식,TIGER,False,True,False
411060,5,ACE KRX금현물,14610,2,60,0.41,14544.0,17.1026,116567,1699,2060,원자재,ACE,False,False,False
455860,2,SOL 2차전지소부장Fn,6820,2,10,0.15,6826.0,-5.9393,127028,859,2022,국내 업종/테마,SOL,False,False,False
372330,4,KODEX 차이나항셍테크,5860,5,-30,-0.51,5835.0,26.6666,1103304,6499,2007,해외 주식,KODEX,False,False,False
473290,6,KODEX 26-12 회사채(AA-이상)액티브,10240,2,10,0.1,10237.0,1.1369,27170,278,1958,채권,KODEX,False,False,False
464540,6,KBSTAR 25-03 회사채(AA-이상)액티브,50915,2,15,0.03,50889.0,0.9179,22707,1156,1911,채권,KBSTAR,False,False,False
332940,1,HANARO MSCI Korea TR,16000,3,0,0.0,16047.0,6.8447,0,0,1904,국내 시장지수,HANARO,False,False,False
143850,4,TIGER 미국S&P500선물(H),57515,2,30,0.05,57525.0,3.6699,17367,998,1884,해외 주식,TIGER,False,False,True
471230,6,KODEX 국고채10년액티브,105160,2,115,0.11,105173.0,-0.4125,3584,376,1879,채권,KODEX,False,False,False
328370,1,ARIRANG 코스피TR,14790,2,15,0.1,14807.0,5.7623,26,0,1878,국내 시장지수,ARIRANG,False,False,False
409820,4,KODEX 미국나스닥100레버리지(합성 H),9485,2,20,0.21,9518.0,3.4426,162907,1547,1873,해외 주식,KODEX,False,True,True
272560,6,KBSTAR 단기국공채액티브,108865,2,30,0.03,108835.0,0.7451,2580,280,1847,채권,KBSTAR,False,False,False
395270,2,HANARO Fn K-반도체,11985,2,5,0.04,11998.0,21.7603,136918,1633,1834,국내 업종/테마,HANARO,False,False,False
462330,2,KODEX 2차전지산업레버리지,3830,2,5,0.13,3851.0,-4.2554,977974,3708,1823,국내 업종/테마,KODEX,False,True,False
469820,6,SOL 24-12 회사채(AA-이상)액티브,51340,2,10,0.02,51343.0,0.9538,2285,117,1801,채권,SOL,False,False,False
449190,4,KODEX 미국나스닥100(H),14395,5,-5,-0.03,14402.0,2.5275,579311,8347,1771,해외 주식,KODEX,False,False,True
463290,6,1Q 단기금융채액티브,103425,2,10,0.01,103420.0,0.9123,2985,308,1717,채권,1Q,False,False,False
445290,2,KODEX K-로봇액티브,14280,5,-75,-0.52,14302.0,1.0701,57476,820,1692,국내 업종/테마,KODEX,False,False,False
326240,2,KBSTAR IT플러스,18955,5,-35,-0.18,19013.0,8.3224,19139,362,1668,국내 업종/테마,KBSTAR,False,False,False
477050,6,ARIRANG 머니마켓액티브,50265,2,15,0.03,50253.0,,31622,1589,1655,채권,ARIRANG,False,False,False
464230,6,히어로즈 24-09 회사채(AA-이상)액티브,51250,2,5,0.01,51254.0,0.8541,12326,631,1650,채권,히어로즈,False,False,False
364960,2,TIGER BBIG,6255,2,25,0.4,6268.0,0.9724,103394,649,1626,국내 업종/테마,TIGER,False,False,False
466920,2,SOL 조선TOP3플러스,10835,2,15,0.14,10827.0,22.8149,2620806,28339,1614,국내 업종/테마,SOL,False,False,False
452360,4,SOL 미국배당다우존스(H),10810,2,5,0.05,10802.0,1.9243,72440,782,1611,해외 주식,SOL,False,False,True
451060,1,1Q K200액티브,11880,2,40,0.34,11912.0,6.2359,368740,4373,1586,국내 시장지수,1Q,False,False,False
329650,7,KODEX TRF3070,12415,3,0,0.0,12422.0,3.4583,33476,415,1564,기타,KODEX,False,False,False
363570,6,KODEX 장기종합채권(AA-이상)액티브KAP,92270,2,105,0.11,92310.0,0.0162,21,1,1560,채권,KODEX,False,False,False
132030,5,KODEX 골드선물(H),14435,5,-35,-0.24,14436.0,13.1352,96398,1392,1559,원자재,KODEX,False,False,True
438330,6,TIGER 투자등급회사채액티브,109750,2,35,0.03,109775.0,1.1337,3043,333,1541,채권,TIGER,False,False,False
473330,6,SOL 미국30년국채커버드콜(합성),9800,2,55,0.56,9786.0,-0.8042,341355,3343,1524,채권,SOL,False,False,False
325020,2,KODEX 배당가치,14315,2,125,0.88,14331.0,3.11,8497,121,1503,국내 업종/테마,KODEX,False,False,False
261260,7,KODEX 미국달러선물인버스2X,6030,5,-40,-0.66,6045.0,-5.5988,420187,2532,1498,기타,KODEX,True,False,False
461950,2,KODEX 2차전지핵심소재10 Fn,7375,5,-10,-0.14,7376.0,-5.611,243698,1780,1493,국내 업종/테마,KODEX,False,False,False
451530,6,TIGER 국고채30년스트립액티브,49545,2,140,0.28,49599.0,-1.2888,28724,1425,1474,채권,TIGER,False,False,False
471760,2,TIGER AI반도체핵심공정,13340,2,135,1.02,13359.0,37.8392,851391,11242,1421,국내 업종/테마,TIGER,False,False,False
244580,2,KODEX 바이오,8120,2,20,0.25,8160.0,11.6009,151198,1222,1416,국내 업종/테마,KODEX,False,False,False
401470,2,KODEX K-메타버스액티브,7290,5,-5,-0.07,7319.0,3.9914,46981,342,1411,국내 업종/테마,KODEX,False,False,False
476070,4,KODEX 글로벌비만치료제TOP2 Plus,11945,2,140,1.19,11962.0,,286361,3418,1410,해외 주식,KODEX,False,False,False
219480,4,KODEX 미국S&P500선물(H),23820,2,25,0.11,23824.0,3.9082,7108,169,1405,해외 주식,KODEX,False,False,True
292560,7,TIGER 일본엔선물,8410,5,-15,-0.18,8395.0,-1.9779,251463,2116,1396,기타,TIGER,False,False,False
190620,6,ACE 단기통안채,101525,2,10,0.01,101522.0,0.7793,5167,524,1384,채권,ACE,False,False,False
475080,7,KODEX 테슬라인컴프리미엄채권혼합액티브,9445,5,-15,-0.16,9434.0,0.8098,399399,3771,1379,기타,KODEX,False,False,False
462900,2,KoAct 바이오헬스케어액티브,11430,5,-70,-0.61,11424.0,22.549,1098821,12510,1360,국내 업종/테마,KoAct,False,False,False
448300,4,TIGER 미국나스닥100TR(H),14770,3,0,0.0,14774.0,2.5338,180329,2663,1359,해외 주식,TIGER,False,False,True
275980,4,TIGER 글로벌4차산업혁신기술(합성 H),16325,5,-55,-0.34,16428.0,-0.4861,7506,122,1306,해외 주식,TIGER,False,False,True
461270,6,ACE 26-06 회사채(AA-이상)액티브,10540,2,5,0.05,10537.0,1.298,94662,997,1297,채권,ACE,False,False,False
449450,2,ARIRANG K방산Fn,15905,2,10,0.06,15928.0,32.4252,217229,3433,1288,국내 업종/테마,ARIRANG,False,False,False
412770,4,TIGER 글로벌메타버스액티브,9360,2,115,1.24,9392.0,5.1763,20359,190,1275,해외 주식,TIGER,False,False,False
228790,2,TIGER 화장품,2815,5,-15,-0.53,2832.0,19.3086,3298164,9344,1268,국내 업종/테마,TIGER,False,False,False
448600,6,KBSTAR 25-11 회사채(AA-이상)액티브,52830,3,0,0.0,52810.0,1.0172,2759,145,1264,채권,KBSTAR,False,False,False
150460,2,TIGER 중국소비테마,6435,5,-10,-0.16,6462.0,9.1632,31960,205,1263,국내 업종/테마,TIGER,False,False,False
300640,2,KBSTAR 게임테마,8885,2,145,1.66,8918.0,-3.4148,18220,162,1257,국내 업종/테마,KBSTAR,False,False,False
401170,2,KBSTAR iSelect메타버스,6295,2,15,0.24,6297.0,1.8653,130989,824,1256,국내 업종/테마,KBSTAR,False,False,False
473440,6,ACE 11월만기자동연장회사채AA-이상액티브,10225,3,0,0.0,10224.0,0.9378,5446,55,1247,채권,ACE,False,False,False
304940,4,KODEX 미국나스닥100선물(H),21435,5,-10,-0.05,21438.0,2.1676,19152,410,1243,해외 주식,KODEX,False,False,True
228800,2,TIGER 여행레저,3500,5,-5,-0.14,3516.0,-0.511,265058,926,1243,국내 업종/테마,TIGER,False,False,False
395290,2,HANARO Fn K-POP&미디어,7420,5,-60,-0.8,7428.0,-1.0452,10328,76,1243,국내 업종/테마,HANARO,False,False,False
453010,7,ARIRANG KOFR금리,104100,2,10,0.01,104101.0,0.8428,12653,1317,1238,기타,ARIRANG,False,False,False
305080,6,TIGER 미국채10년선물,11785,2,45,0.38,11753.0,0.5567,36720,432,1237,채권,TIGER,False,False,False
464930,4,TIGER 글로벌혁신블루칩TOP10,12690,2,70,0.55,12664.0,15.7798,34759,441,1212,해외 주식,TIGER,False,False,False
332930,1,HANARO 200TR,47410,2,120,0.25,47569.0,6.461,6,0,1209,국내 시장지수,HANARO,False,False,False
466400,6,1Q 25-08 회사채(A+이상)액티브,104170,2,5,0.0,104171.0,0.9986,18,1,1208,채권,1Q,False,False,False
364970,2,TIGER 바이오TOP10,6615,2,20,0.3,6635.0,4.2687,214906,1420,1204,국내 업종/테마,TIGER,False,False,False
465350,3,KBSTAR 2차전지TOP10인버스(합성),25280,2,45,0.18,25358.0,0.9198,142491,3609,1201,국내 파생,KBSTAR,True,False,False
472150,2,TIGER 배당프리미엄액티브,11200,2,30,0.27,11240.0,7.3831,30812,344,1198,국내 업종/테마,TIGER,False,False,False
476850,1,KoAct 배당성장액티브,10030,2,105,1.06,10068.0,,25594,256,1194,국내 시장지수,KoAct,False,False,False
182480,7,TIGER 미국MSCI리츠(합성 H),11730,2,50,0.43,11778.0,-1.6753,14139,165,1191,기타,TIGER,False,False,True
462540,6,SOL 25-09 회사채(AA-이상)액티브,52060,5,-5,-0.01,52067.0,1.0872,582,30,1187,채권,SOL,False,False,False
385550,6,KBSTAR 단기종합채권(AA-이상)액티브,108210,2,5,0.0,108209.0,0.8575,346,37,1183,채권,KBSTAR,False,False,False
278620,6,ARIRANG 단기채권액티브,112885,2,15,0.01,112883.0,0.8443,186,20,1180,채권,ARIRANG,False,False,False
447770,7,TIGER 테슬라채권혼합Fn,10475,5,-110,-1.04,10454.0,1.5834,95226,996,1178,기타,TIGER,False,False,False
363580,2,KODEX 200IT TR,13345,5,-10,-0.07,13385.0,10.3719,2058,27,1161,국내 업종/테마,KODEX,False,False,False
454780,6,히어로즈 종합채권(AA-이상)액티브,104130,5,-10,-0.01,104078.0,0.5212,1503,156,1157,채권,히어로즈,False,False,False
466950,4,TIGER 글로벌AI액티브,13470,5,-80,-0.59,13404.0,12.5882,90460,1219,1156,해외 주식,TIGER,False,False,False
463050,2,TIMEFOLIO K바이오액티브,9530,5,-85,-0.88,9521.0,20.5642,1265122,11964,1153,국내 업종/테마,TIMEFOLIO,False,False,False
213610,2,KODEX 삼성그룹밸류,9315,2,40,0.43,9337.0,7.661,43579,405,1146,국내 업종/테마,KODEX,False,False,False
168580,4,ACE 중국본토CSI300,24325,5,-70,-0.29,24335.0,12.1351,843,20,1124,해외 주식,ACE,False,False,False
419890,6,히어로즈 단기채권ESG액티브,106740,2,15,0.01,106753.0,0.8647,63,6,1121,채권,히어로즈,False,False,False
302450,1,KBSTAR 코스피,28355,2,125,0.44,28444.0,5.3004,695,19,1120,국내 시장지수,KBSTAR,False,False,False
400970,2,TIGER Fn메타버스,6850,5,-25,-0.36,6847.0,0.91,53610,367,1120,국내 업종/테마,TIGER,False,False,False
456880,7,ACE 미국달러SOFR금리(합성),10860,2,35,0.32,10844.0,3.8867,38891,422,1116,기타,ACE,False,False,False
278240,3,KBSTAR 코스닥150선물레버리지,13225,2,25,0.19,13234.0,26.923,14688,191,1115,국내 파생,KBSTAR,False,True,False
458210,7,히어로즈 CD금리액티브(합성),103465,2,20,0.02,103454.0,0.7842,4860,502,1114,기타,히어로즈,False,False,False
414780,4,TIGER 차이나과창판STAR50(합성),5770,5,-35,-0.6,5875.0,5.9306,19390,112,1105,해외 주식,TIGER,False,False,False
470320,6,BNK 24-11 회사채(AA-이상)액티브,51370,2,10,0.02,51371.0,0.9433,8,0,1096,채권,BNK,False,False,False
130730,6,KOSEF 단기자금,102680,2,15,0.01,102676.0,0.8249,2480,254,1091,채권,KOSEF,False,False,False
472920,6,HK 종합채권(AA-이상)액티브,102735,3,0,0.0,103223.0,0.0389,0,0,1083,채권,HK,False,False,False
468820,6,WOORI 25-09 회사채(AA-이상)액티브,52385,2,25,0.05,52385.0,1.1689,142,7,1056,채권,WOORI,False,False,False
448540,7,ACE 엔비디아채권혼합블룸버그,18505,5,-105,-0.56,18513.0,11.7382,43957,813,1055,기타,ACE,False,False,False
480260,6,TIGER 27-04회사채(A+이상)액티브,50065,2,20,0.04,50081.0,,52052,2605,1051,채권,TIGER,False,False,False
474590,2,WOORI 반도체밸류체인액티브,11880,5,-95,-0.79,11918.0,22.0693,7925,93,1034,국내 업종/테마,WOORI,False,False,False
157490,2,TIGER 소프트웨어,8415,5,-10,-0.12,8426.0,-6.7412,50763,426,1033,국내 업종/테마,TIGER,False,False,False
277630,1,TIGER 코스피,28295,2,110,0.39,28373.0,5.3093,11250,317,1033,국내 시장지수,TIGER,False,False,False
270810,1,KBSTAR 코스닥150,14235,2,35,0.25,14284.0,12.6447,102517,1454,1031,국내 시장지수,KBSTAR,False,False,False
232080,1,TIGER 코스닥150,14740,2,10,0.07,14792.0,12.7094,199293,2914,1020,국내 시장지수,TIGER,False,False,False
282000,3,KBSTAR 국고채3년선물인버스,109130,2,50,0.05,109078.0,1.3095,4,0,1008,국내 파생,KBSTAR,True,False,False
309230,4,ACE 미국WideMoat가치주,24370,2,330,1.37,24126.0,5.1158,32814,796,975,해외 주식,ACE,False,False,False
204480,4,TIGER 차이나CSI300레버리지(합성),15470,5,-140,-0.9,15738.0,24.432,48316,752,950,해외 주식,TIGER,False,True,False
245340,4,TIGER 미국다우존스30,26165,2,95,0.36,26115.0,3.5633,6627,173,942,해외 주식,TIGER,False,False,False
325010,2,KODEX Fn성장,15545,5,-15,-0.1,15564.0,10.0813,222,3,933,국내 업종/테마,KODEX,False,False,False
469050,4,KBSTAR 미국반도체NYSE(H),14115,5,-85,-0.6,14108.0,9.4749,15578,219,917,해외 주식,KBSTAR,False,False,True
438570,6,SOL 국고채10년,103880,2,25,0.02,103950.0,-0.4887,427,44,908,채권,SOL,False,False,False
283580,4,KODEX 차이나CSI300,11030,5,-35,-0.32,10966.0,12.335,44707,495,904,해외 주식,KODEX,False,False,False
267770,3,TIGER 200선물레버리지,15370,2,125,0.82,15376.0,11.2367,78109,1195,891,국내 파생,TIGER,False,True,False
472160,4,TIGER 미국테크TOP10 INDXX(H),11930,2,5,0.04,11931.0,6.7591,214779,2560,883,해외 주식,TIGER,False,False,True
139230,2,TIGER 200 중공업,4300,2,20,0.47,4304.0,25.9193,519626,2227,882,국내 업종/테마,TIGER,False,False,False
458260,6,TIGER 미국투자등급회사채액티브(H),49000,5,-70,-0.14,48992.0,-1.6594,15788,773,879,채권,TIGER,False,False,True
138540,2,TIGER 현대차그룹+펀더멘털,27810,2,190,0.69,27826.0,2.585,11659,323,857,국내 업종/테마,TIGER,False,False,False
367760,2,KBSTAR Fn5G테크,12175,5,-60,-0.49,12191.0,21.6081,66977,810,852,국내 업종/테마,KBSTAR,False,False,False
461260,6,ACE 25-06 회사채(AA-이상)액티브,10470,2,5,0.05,10464.0,1.0135,10845,113,839,채권,ACE,False,False,False
204450,4,KODEX 차이나H레버리지(H),1705,5,-35,-2.01,1707.0,40.0966,569139,986,822,해외 주식,KODEX,False,True,True
252710,3,TIGER 200선물인버스2X,2115,5,-20,-0.94,2113.0,-11.5943,1393838,2959,819,국내 파생,TIGER,True,False,False
433330,4,SOL 미국S&P500,14715,2,75,0.51,14691.0,7.237,34715,510,809,해외 주식,SOL,False,False,False
266420,2,KODEX 헬스케어,15370,2,20,0.13,15404.0,13.6195,89098,1361,799,국내 업종/테마,KODEX,False,False,False
228810,2,TIGER 미디어컨텐츠,5530,5,-30,-0.54,5540.0,-4.1215,61081,338,798,국내 업종/테마,TIGER,False,False,False
437080,6,KODEX 미국종합채권ESG액티브(H),98860,5,-30,-0.03,98834.0,-0.693,942,93,787,채권,KODEX,False,False,True
144600,5,KODEX 은선물(H),5055,2,10,0.2,5076.0,20.6937,282170,1428,784,원자재,KODEX,False,False,True
395170,2,KODEX Fn Top10동일가중,8035,5,-15,-0.19,8030.0,3.8039,10269,82,771,국내 업종/테마,KODEX,False,False,False
464310,4,TIGER 글로벌AI&로보틱스 INDXX,12075,5,-10,-0.08,12118.0,9.4655,54357,656,761,해외 주식,TIGER,False,False,False
465780,6,마이티 26-09 특수채(AAA)액티브,104075,2,5,0.0,104090.0,0.7795,5,0,760,채권,마이티,False,False,False
452250,6,ACE 미국30년국채선물레버리지(합성 H),6285,2,35,0.56,6286.0,-10.3943,106151,667,742,채권,ACE,False,True,True
437350,6,KBSTAR 미국단기투자등급회사채액티브,10975,2,30,0.27,10950.0,3.0117,12935,142,741,채권,KBSTAR,False,False,False
284430,6,KODEX 200미국채혼합,12940,2,45,0.35,12912.0,2.5855,29925,387,735,채권,KODEX,False,False,False
461500,6,HANARO 종합채권(AA-이상)액티브,106400,2,50,0.05,106409.0,0.3254,95,10,720,채권,HANARO,False,False,False
454320,2,HANARO CAPEX설비투자iSelect,14310,2,145,1.02,14302.0,34.6995,1057850,15077,716,국내 업종/테마,HANARO,False,False,False
435420,7,TIGER 미국나스닥100TR채권혼합Fn,11820,2,15,0.13,11805.0,1.6358,54323,642,715,기타,TIGER,False,False,False
195980,4,ARIRANG 신흥국MSCI(합성 H),9585,5,-10,-0.1,9669.0,6.789,13821,132,711,해외 주식,ARIRANG,False,False,True
315960,2,KBSTAR 대형고배당10TR,20365,2,45,0.22,20377.0,10.0162,4321,87,692,국내 업종/테마,KBSTAR,False,False,False
174360,4,KBSTAR 중국본토대형주CSI100,16435,5,-75,-0.45,16371.0,12.4276,3942,64,690,해외 주식,KBSTAR,False,False,False
437070,6,KODEX 아시아달러채권ESG플러스액티브,55110,2,265,0.48,54925.0,2.6483,2211,121,684,채권,KODEX,False,False,False
114820,6,TIGER 국채3년,106495,2,25,0.02,106476.0,0.3194,3890,414,683,채권,TIGER,False,False,False
475720,3,KBSTAR 200위클리커버드콜,10325,2,45,0.44,10348.0,,396245,4079,681,국내 파생,KBSTAR,False,False,False
470310,2,UNICORN 생성형AI강소기업액티브,9930,2,70,0.71,9928.0,6.7677,5883,58,665,국내 업종/테마,UNICORN,False,False,False
414270,4,ACE G2전기차&자율주행액티브,8375,5,-200,-2.33,8368.0,12.0915,78252,659,657,해외 주식,ACE,False,False,False
464240,6,히어로즈 26-09 회사채(AA-이상)액티브,51925,2,20,0.04,51919.0,0.9314,14119,732,644,채권,히어로즈,False,False,False
269540,4,ARIRANG 미국S&P500(H),21155,2,15,0.07,21155.0,4.6379,2435,51,635,해외 주식,ARIRANG,False,False,True
139280,2,TIGER 경기방어,9350,5,-15,-0.16,9360.0,4.5317,14709,137,630,국내 업종/테마,TIGER,False,False,False
261220,5,KODEX WTI원유선물(H),15010,5,-140,-0.92,14973.0,9.4653,67791,1019,619,원자재,KODEX,False,False,True
136340,6,KBSTAR 중기우량회사채,105335,5,-5,0.0,105332.0,0.9593,227,23,613,채권,KBSTAR,False,False,False
418660,4,TIGER 미국나스닥100레버리지(합성),17720,2,145,0.83,17687.0,9.1614,27627,490,611,해외 주식,TIGER,False,True,False
412570,2,TIGER 2차전지TOP10레버리지,3835,5,-5,-0.13,3848.0,-1.5385,479978,1825,598,국내 업종/테마,TIGER,False,True,False
434060,7,KODEX TDF2050액티브,12740,2,30,0.24,12717.0,5.8901,41526,529,592,기타,KODEX,False,False,False
225040,4,TIGER 미국S&P500레버리지(합성 H),37010,2,125,0.34,37030.0,7.4268,8447,312,592,해외 주식,TIGER,False,True,True
476750,6,ACE 미국30년국채엔화노출액티브(H),9235,3,0,0.0,9235.0,,191634,1772,591,채권,ACE,False,False,True
426030,4,TIMEFOLIO 미국나스닥100액티브,18570,5,-185,-0.99,18539.0,14.1162,35135,652,587,해외 주식,TIMEFOLIO,False,False,False
261240,7,KODEX 미국달러선물,12990,2,45,0.35,13006.0,3.6429,11484,149,585,기타,KODEX,False,False,False
438080,7,ACE 미국S&P500채권혼합액티브,11460,2,90,0.79,11432.0,4.3119,56657,648,584,기타,ACE,False,False,False
458030,6,WOORI 단기국공채액티브,51865,3,0,0.0,51874.0,0.8556,20,1,575,채권,WOORI,False,False,False
236350,4,TIGER 인도니프티50레버리지(합성),37595,2,385,1.03,37749.0,5.4854,25783,965,571,해외 주식,TIGER,False,True,False
152380,6,KODEX 국채선물10년,65355,2,10,0.02,65400.0,-0.6915,1440,94,569,채권,KODEX,False,False,False
298770,4,KODEX 한국대만IT프리미어,23405,2,150,0.65,23654.0,13.3174,6724,157,562,해외 주식,KODEX,False,False,False
469580,6,KBSTAR KP달러채권액티브,53410,2,300,0.56,53188.0,2.8924,278,14,555,채권,KBSTAR,False,False,False
411420,4,KODEX 미국메타버스나스닥액티브,10725,5,-35,-0.33,10694.0,8.2494,5622,60,552,해외 주식,KODEX,False,False,False
400570,4,KODEX 유럽탄소배출권선물ICE(H),10545,5,-395,-3.61,10609.0,16.3211,48088,509,550,해외 주식,KODEX,False,False,True
441640,4,KODEX 미국배당프리미엄액티브,10945,2,85,0.78,10916.0,6.0132,111991,1224,547,해외 주식,KODEX,False,False,False
099140,4,KODEX 차이나H,16180,5,-15,-0.09,16143.0,22.4574,79154,1283,542,해외 주식,KODEX,False,False,False
440640,6,ACE 단기채권알파액티브,106420,2,10,0.01,106413.0,0.8721,1008,107,542,채권,ACE,False,False,False
458750,4,TIGER 미국배당+3%프리미엄다우존스,10850,2,60,0.56,10824.0,4.1908,73032,791,537,해외 주식,TIGER,False,False,False
295020,6,KBSTAR 국채선물10년인버스,55530,2,40,0.07,55483.0,1.91,11,0,532,채권,KBSTAR,True,False,False
233160,3,TIGER 코스닥150 레버리지,13205,2,5,0.04,13239.0,26.0143,175292,2279,528,국내 파생,TIGER,False,True,False
429000,4,TIGER 미국S&P500배당귀족,11480,2,130,1.15,11448.0,5.7979,34659,397,528,해외 주식,TIGER,False,False,False
322400,2,HANARO e커머스,10475,2,45,0.43,10461.0,-6.1291,2333,24,513,국내 업종/테마,HANARO,False,False,False
441540,2,HANARO Fn조선해운,11385,2,55,0.49,11408.0,13.7321,112268,1282,512,국내 업종/테마,HANARO,False,False,False
465660,4,TIGER 일본반도체FACTSET,14820,5,-50,-0.34,14802.0,7.2871,46810,693,511,해외 주식,TIGER,False,False,False
397410,6,KBSTAR 국채선물5년추종인버스,56305,2,45,0.08,56265.0,1.5156,561,31,510,채권,KBSTAR,True,False,False
245360,4,TIGER 차이나HSCEI,9335,5,-60,-0.64,9363.0,22.8907,29405,277,509,해외 주식,TIGER,False,False,False
423170,4,SOL 한국형글로벌반도체액티브,17645,2,10,0.06,17604.0,16.1037,20064,353,508,해외 주식,SOL,False,False,False
476690,4,TIGER 글로벌비만치료제TOP2Plus,10540,2,180,1.74,10527.0,,136456,1436,506,해외 주식,TIGER,False,False,False
465330,2,KBSTAR 2차전지TOP10,13400,2,5,0.04,13445.0,-3.0753,136929,1827,503,국내 업종/테마,KBSTAR,False,False,False
448490,6,HANARO 32-10 국고채액티브,53420,2,5,0.01,53425.0,-0.4195,1459,77,500,채권,HANARO,False,False,False
395160,2,KODEX Fn시스템반도체,11615,2,85,0.74,11610.0,24.1119,64271,743,499,국내 업종/테마,KODEX,False,False,False
472170,7,TIGER 미국테크TOP10채권혼합,11090,2,15,0.14,11077.0,4.1862,58883,653,499,기타,TIGER,False,False,False
308620,6,KODEX 미국10년국채선물,11210,2,60,0.54,11200.0,-0.2238,13131,147,493,채권,KODEX,False,False,False
385510,2,KODEX K-신재생에너지액티브,18435,2,80,0.44,18453.0,40.4898,74280,1367,470,국내 업종/테마,KODEX,False,False,False
448330,1,KODEX 삼성전자채권혼합Wise,11435,2,10,0.09,11466.0,2.789,14454,165,469,국내 시장지수,KODEX,False,False,False
453820,4,KODEX 인도Nifty50레버리지(합성),15275,2,165,1.09,15201.0,5.7382,9331,142,466,해외 주식,KODEX,False,True,False
403790,1,마이다스 KoreaStock액티브,21350,2,50,0.23,21368.0,5.6547,2025,42,464,국내 시장지수,마이다스,False,False,False
203780,4,TIGER 미국나스닥바이오,21865,5,-45,-0.21,21924.0,1.5762,13491,295,464,해외 주식,TIGER,False,False,False
271050,5,KODEX WTI원유선물인버스(H),4285,2,40,0.94,4294.0,-8.7097,285208,1218,462,원자재,KODEX,True,False,True
256440,4,ACE 인도네시아MSCI(합성),9805,5,-65,-0.66,9707.0,-6.8429,32754,321,451,해외 주식,ACE,False,False,False
102970,2,KODEX 증권,7190,2,125,1.77,7213.0,1.7425,44633,319,446,국내 업종/테마,KODEX,False,False,False
475260,6,ACE 2월만기자동연장회사채AA-이상액티브,10135,3,0,0.0,10133.0,1.0468,1081,10,440,채권,ACE,False,False,False
469150,2,ACE AI반도체포커스,16840,2,60,0.36,16865.0,43.6766,57001,953,438,국내 업종/테마,ACE,False,False,False
152870,1,파워 200,37745,2,170,0.45,37817.0,6.4839,607,22,434,국내 시장지수,파워,False,False,False
123320,3,TIGER 레버리지,19700,2,180,0.92,19715.0,11.3202,47846,937,433,국내 파생,TIGER,False,True,False
108450,2,ACE 삼성그룹섹터가중,15975,2,110,0.69,16003.0,7.1307,5772,92,431,국내 업종/테마,ACE,False,False,False
261270,7,KODEX 미국달러선물인버스,8305,5,-15,-0.18,8317.0,-2.5762,25625,212,431,기타,KODEX,True,False,False
469070,2,KBSTAR AI&로봇,10020,2,5,0.05,10057.0,-6.8373,40678,407,431,국내 업종/테마,KBSTAR,False,False,False
227540,2,TIGER 200 헬스케어,18300,2,30,0.16,18353.0,1.7034,8765,161,428,국내 업종/테마,TIGER,False,False,False
371450,4,TIGER 글로벌클라우드컴퓨팅INDXX,9975,5,-50,-0.5,10019.0,-6.001,3086,30,427,해외 주식,TIGER,False,False,False
195930,4,TIGER 유로스탁스50(합성 H),17770,2,125,0.71,17929.0,6.7453,7774,138,426,해외 주식,TIGER,False,False,True
304780,3,HANARO 200선물레버리지,22255,2,145,0.66,22269.0,11.2173,725,16,423,국내 파생,HANARO,False,True,False
456680,4,TIGER 차이나전기차레버리지(합성),4980,5,-130,-2.54,5038.0,40.0,60271,304,418,해외 주식,TIGER,False,True,False
407830,4,에셋플러스 글로벌플랫폼액티브,8295,5,-85,-1.01,8321.0,10.4084,1319,10,415,해외 주식,에셋플러스,False,False,False
122260,6,KOSEF 통안채1년,103645,2,10,0.01,103644.0,0.7142,221,22,415,채권,KOSEF,False,False,False
332500,1,ACE 200TR,24350,2,80,0.33,24394.0,6.494,8777,213,414,국내 시장지수,ACE,False,False,False
365000,2,TIGER 인터넷TOP10,3775,5,-25,-0.66,3787.0,1.6042,337606,1286,411,국내 업종/테마,TIGER,False,False,False
469170,2,ACE 포스코그룹포커스,7030,2,25,0.36,7052.0,-12.6777,69733,487,411,국내 업종/테마,ACE,False,False,False
266160,2,KBSTAR 고배당,13930,2,140,1.02,13923.0,4.4459,24686,342,411,국내 업종/테마,KBSTAR,False,False,False
276970,4,KODEX 미국S&P500배당귀족커버드콜(합성 H),8615,3,0,0.0,8602.0,2.5229,7588,65,405,해외 주식,KODEX,False,False,True
319640,4,TIGER 골드선물(H),15435,5,-5,-0.03,15431.0,12.9067,6419,99,401,해외 주식,TIGER,False,False,True
266360,2,KODEX 미디어&엔터테인먼트,11760,5,-5,-0.04,11778.0,-1.5729,40478,477,400,국내 업종/테마,KODEX,False,False,False
475380,7,KBSTAR 글로벌리얼티인컴,9710,2,110,1.15,9644.0,,25533,247,398,기타,KBSTAR,False,False,False
455960,6,KBSTAR 미국달러SOFR금리액티브(합성),10825,2,55,0.51,10796.0,3.9073,359,3,395,채권,KBSTAR,False,False,False
388280,2,KBSTAR Fn컨택트대표,6540,3,0,0.0,6581.0,-4.6509,10285,67,395,국내 업종/테마,KBSTAR,False,False,False
140700,2,KODEX 보험,9355,2,140,1.52,9361.0,1.3974,81782,761,393,국내 업종/테마,KODEX,False,False,False
368190,2,HANARO Fn K-뉴딜디지털플러스,8165,2,5,0.06,8163.0,-1.1987,118,0,392,국내 업종/테마,HANARO,False,False,False
419430,4,KODEX 차이나2차전지MSCI(합성),5635,5,-130,-2.25,5704.0,20.4806,25723,146,389,해외 주식,KODEX,False,False,False
461490,7,KBSTAR 글로벌자산배분액티브,11405,2,80,0.71,11380.0,4.5223,119755,1366,388,기타,KBSTAR,False,False,False
411540,1,SOL 200 Top10,8790,5,-50,-0.57,8826.0,3.0303,3626,31,387,국내 시장지수,SOL,False,False,False
464920,4,ARIRANG 일본반도체소부장Solactive,13690,5,-160,-1.16,13667.0,6.1709,21215,290,383,해외 주식,ARIRANG,False,False,False
395150,2,KODEX Fn웹툰&드라마,3825,5,-10,-0.26,3840.0,-7.7904,99259,379,371,국내 업종/테마,KODEX,False,False,False
371470,4,TIGER 차이나바이오테크SOLACTIVE,5680,2,10,0.18,5676.0,7.1833,14259,80,368,해외 주식,TIGER,False,False,False
354350,4,HANARO 글로벌럭셔리S&P(합성),19125,2,20,0.1,19192.0,3.522,1856,35,365,해외 주식,HANARO,False,False,False
218420,4,KODEX 미국S&P500에너지(합성),14890,2,175,1.19,14793.0,14.5136,29364,434,362,해외 주식,KODEX,False,False,False
473490,4,KOSEF 글로벌AI반도체,13155,2,80,0.61,13289.0,9.0947,63293,831,362,해외 주식,KOSEF,False,False,False
248270,4,TIGER S&P글로벌헬스케어(합성),22480,2,260,1.17,22428.0,2.2314,1493,33,360,해외 주식,TIGER,False,False,False
426150,6,WOORI 대한민국국고채액티브,53205,2,30,0.06,53228.0,-0.1596,292,15,359,채권,WOORI,False,False,False
337160,2,KODEX 200ESG,13700,2,65,0.48,13720.0,5.8289,3498,47,356,국내 업종/테마,KODEX,False,False,False
123310,3,TIGER 인버스,4605,5,-15,-0.32,4600.0,-5.3279,103587,477,355,국내 파생,TIGER,True,False,False
272910,6,ACE 중장기국공채액티브,101805,2,110,0.11,101840.0,0.2859,122,12,353,채권,ACE,False,False,False
464470,6,ARIRANG 미국채30년액티브,50005,2,345,0.69,49929.0,-1.9546,5333,266,350,채권,ARIRANG,False,False,False
336160,6,KBSTAR 금융채액티브,101485,2,75,0.07,101470.0,0.745,166,16,349,채권,KBSTAR,False,False,False
447620,7,SOL 미국TOP5채권혼합40 Solactive,12030,2,5,0.04,12058.0,3.2188,13972,168,349,기타,SOL,False,False,False
463300,4,KBSTAR 중국본토CSI300,9390,5,-40,-0.42,9397.0,11.7298,3226,30,347,해외 주식,KBSTAR,False,False,False
438320,4,TIGER 차이나항셍테크레버리지(합성 H),5825,5,-140,-2.35,5844.0,43.7349,115037,682,347,해외 주식,TIGER,False,True,True
421320,2,ARIRANG 우주항공&UAM iSelect,13065,5,-25,-0.19,13071.0,16.9585,18678,242,340,국내 업종/테마,ARIRANG,False,False,False
138230,7,KOSEF 미국달러선물,14795,2,45,0.31,14803.0,3.4724,295,4,339,기타,KOSEF,False,False,False
434960,1,대신343 K200,37550,2,60,0.16,37698.0,6.6814,34,1,338,국내 시장지수,대신343,False,False,False
114100,6,KBSTAR 국고채3년,108450,2,20,0.02,108467.0,0.3089,44,4,335,채권,KBSTAR,False,False,False
261250,7,KODEX 미국달러선물레버리지,14195,2,130,0.92,14222.0,6.1509,18455,261,335,기타,KODEX,False,True,False
476800,7,KODEX 한국부동산리츠인프라,5190,2,35,0.68,5210.0,,1064504,5505,335,기타,KODEX,False,False,False
266370,2,KODEX IT,20420,5,-90,-0.44,20479.0,16.382,1785,36,327,국내 업종/테마,KODEX,False,False,False
445150,2,KODEX K-친환경선박액티브,11395,2,115,1.02,11407.0,7.2957,31806,361,325,국내 업종/테마,KODEX,False,False,False
399110,4,SOL 미국S&P500ESG,13965,2,70,0.5,13926.0,7.6964,40273,562,321,해외 주식,SOL,False,False,False
243880,2,TIGER 200IT레버리지,44200,2,65,0.15,44302.0,18.4991,5859,258,320,국내 업종/테마,TIGER,False,True,False
472830,6,KBSTAR 미국30년국채커버드콜(합성),9505,2,55,0.58,9494.0,-0.7249,32702,310,318,채권,KBSTAR,False,False,False
441800,1,TIMEFOLIO Korea플러스배당액티브,12500,2,115,0.93,12523.0,5.647,153368,1911,318,국내 시장지수,TIMEFOLIO,False,False,False
332620,6,ARIRANG 미국장기우량회사채,89325,2,430,0.48,89121.0,-0.9527,2596,232,299,채권,ARIRANG,False,False,False
101280,4,KODEX 일본TOPIX100,20485,5,-400,-1.92,20395.0,7.6879,32492,667,295,해외 주식,KODEX,False,False,False
238720,4,ACE 일본Nikkei225(H),26805,5,-445,-1.63,26804.0,8.6306,14155,381,295,해외 주식,ACE,False,False,True
375770,2,KODEX 탄소효율그린뉴딜,9390,3,0,0.0,9430.0,7.1184,566,5,291,국내 업종/테마,KODEX,False,False,False
394350,4,KOSEF 글로벌퓨처모빌리티,9675,5,-280,-2.81,9620.0,7.6798,185,1,290,해외 주식,KOSEF,False,False,False
160580,5,TIGER 구리실물,12195,2,115,0.95,12184.0,21.897,45634,556,287,원자재,TIGER,False,False,False
250730,4,KBSTAR 차이나HSCEI(H),7540,5,-70,-0.92,7530.0,19.9369,26029,197,287,해외 주식,KBSTAR,False,False,True
453330,4,KBSTAR 미국S&P500(H),12900,2,10,0.08,12901.0,4.3217,41919,540,284,해외 주식,KBSTAR,False,False,True
440340,7,TIGER 글로벌멀티에셋TIF액티브,10510,2,45,0.43,10490.0,5.3558,2369,24,284,기타,TIGER,False,False,False
385720,1,TIMEFOLIO Kstock액티브,9740,2,45,0.46,9779.0,12.2106,4322,42,282,국내 시장지수,TIMEFOLIO,False,False,False
261070,2,TIGER 코스닥150바이오테크,11445,5,-30,-0.26,11507.0,30.0725,89150,1009,282,국내 업종/테마,TIGER,False,False,False
276990,4,KODEX 글로벌로봇(합성),17965,2,200,1.13,17963.0,3.9496,5569,99,281,해외 주식,KODEX,False,False,False
363510,6,SOL KIS단기통안채,106880,2,25,0.02,106869.0,0.721,3,0,280,채권,SOL,False,False,False
329670,7,KODEX TRF7030,16445,5,-95,-0.57,16367.0,6.5721,30354,499,280,기타,KODEX,False,False,False
287180,4,ARIRANG 미국나스닥테크,32660,2,5,0.02,32554.0,4.146,1723,56,278,해외 주식,ARIRANG,False,False,False
326230,2,KBSTAR 내수주플러스,8425,2,20,0.24,8439.0,4.0609,318,2,276,국내 업종/테마,KBSTAR,False,False,False
289480,3,TIGER 200커버드콜ATM,9170,2,45,0.49,9225.0,5.7971,35087,320,275,국내 파생,TIGER,False,False,False
438560,6,SOL 국고채3년,102930,2,60,0.06,102919.0,0.2875,340,35,275,채권,SOL,False,False,False
210780,2,TIGER 코스피고배당,14540,2,145,1.01,14578.0,1.861,9666,140,275,국내 업종/테마,TIGER,False,False,False
450910,1,SOL 코스닥150,14135,5,-80,-0.56,14150.0,13.4748,69,0,274,국내 시장지수,SOL,False,False,False
237350,1,KODEX 코스피100,28850,2,95,0.33,28919.0,6.2206,1652,47,274,국내 시장지수,KODEX,False,False,False
385520,2,KODEX K-미래차액티브,9600,2,30,0.31,9606.0,4.2938,2550,24,274,국내 업종/테마,KODEX,False,False,False
359210,1,KODEX 코스피TR,13595,2,40,0.3,13604.0,5.692,489,6,272,국내 시장지수,KODEX,False,False,False
465610,4,ACE 미국빅테크TOP7 Plus레버리지(합성),16740,2,110,0.66,16726.0,22.5949,42725,715,268,해외 주식,ACE,False,True,False
385590,2,ACE ESG액티브,8335,2,70,0.85,8370.0,10.1706,767,6,267,국내 업종/테마,ACE,False,False,False
279530,2,KODEX 고배당,10235,2,40,0.39,10266.0,2.9174,16886,172,266,국내 업종/테마,KODEX,False,False,False
332610,6,ARIRANG 미국단기우량회사채,118005,2,395,0.34,117781.0,3.013,120,14,263,채권,ARIRANG,False,False,False
395750,2,ARIRANG ESG가치주액티브,8760,2,20,0.23,8776.0,6.8982,154616,1351,263,국내 업종/테마,ARIRANG,False,False,False
261120,7,TIGER 미국달러선물인버스2X,6050,5,-50,-0.82,6054.0,-5.2796,4168,25,260,기타,TIGER,True,False,False
453950,4,TIGER TSMC밸류체인FACTSET,15720,2,50,0.32,15665.0,16.074,3980,62,259,해외 주식,TIGER,False,False,False
329660,7,KODEX TRF5050,14390,5,-90,-0.62,14364.0,5.0036,61373,882,259,기타,KODEX,False,False,False
138520,2,TIGER 삼성그룹펀더멘털,12905,2,100,0.78,12930.0,7.0652,57223,736,258,국내 업종/테마,TIGER,False,False,False
475310,2,SOL 반도체후공정,14740,2,180,1.24,14780.0,,132103,1928,258,국내 업종/테마,SOL,False,False,False
475280,6,ACE 8월만기자동연장회사채AA-이상액티브,10125,3,0,0.0,10124.0,0.9471,1047,10,256,채권,ACE,False,False,False
404260,2,KODEX KRX기후변화솔루션,12195,2,5,0.04,12233.0,5.4133,433,5,256,국내 업종/테마,KODEX,False,False,False
475270,6,ACE 5월만기자동연장회사채AA-이상액티브,10115,3,0,0.0,10114.0,0.8474,1704,17,255,채권,ACE,False,False,False
387270,4,TIGER 글로벌BBIG액티브,14230,2,55,0.39,14192.0,7.2644,2256,32,253,해외 주식,TIGER,False,False,False
269420,4,KODEX S&P글로벌인프라(합성),15615,2,260,1.69,15609.0,9.9141,1001,15,250,해외 주식,KODEX,False,False,False
417630,2,TIGER KEDI혁신기업ESG30,10075,2,25,0.25,10103.0,2.7712,3523,35,247,국내 업종/테마,TIGER,False,False,False
280930,4,KODEX 미국러셀2000(H),12640,5,-30,-0.24,12671.0,5.1016,13362,169,246,해외 주식,KODEX,False,False,True
360140,2,KODEX 200롱코스닥150숏선물,8650,2,25,0.29,8654.0,-6.5548,20197,174,242,국내 업종/테마,KODEX,False,False,False
449770,4,KOSEF 미국S&P500,14140,2,90,0.64,14115.0,7.0313,3365,47,240,해외 주식,KOSEF,False,False,False
251600,7,ARIRANG 고배당주채권혼합,11930,2,70,0.59,11930.0,1.5324,22415,266,239,기타,ARIRANG,False,False,False
442260,1,마이티 다이나믹퀀트액티브,13115,2,30,0.23,13111.0,5.9342,2876,37,236,국내 시장지수,마이티,False,False,False
300950,2,KODEX 게임산업,6820,2,85,1.26,6848.0,0.4474,46758,319,232,국내 업종/테마,KODEX,False,False,False
239660,6,ARIRANG 우량회사채50 1년,115535,2,20,0.02,115536.0,0.6184,927,107,231,채권,ARIRANG,False,False,False
354500,1,ACE 코스닥150,14430,5,-20,-0.14,14483.0,12.4601,1345,19,231,국내 시장지수,ACE,False,False,False
276650,4,KBSTAR 글로벌4차산업IT(합성 H),27000,5,-120,-0.44,27201.0,5.1774,2148,58,230,해외 주식,KBSTAR,False,False,True
292190,1,KODEX KRX300,17645,2,55,0.31,17658.0,7.7224,5838,102,229,국내 시장지수,KODEX,False,False,False
237370,7,KODEX 배당성장채권혼합,12705,2,40,0.32,12703.0,1.3605,4389,55,229,기타,KODEX,False,False,False
130680,5,TIGER 원유선물Enhanced(H),4470,5,-40,-0.89,4463.0,8.9371,51118,228,228,원자재,TIGER,False,False,True
400590,4,SOL 글로벌탄소배출권선물ICE(합성),11985,5,-75,-0.62,11961.0,8.4532,27274,328,228,해외 주식,SOL,False,False,False
117700,2,KODEX 건설,3300,5,-10,-0.3,3306.0,2.4767,36466,120,228,국내 업종/테마,KODEX,False,False,False
256750,4,KODEX 차이나심천ChiNext(합성),8150,5,-105,-1.27,8171.0,13.4707,3063,25,228,해외 주식,KODEX,False,False,False
169950,4,KODEX 차이나A50,18960,5,-50,-0.26,18932.0,14.1056,961,18,228,해외 주식,KODEX,False,False,False
434730,2,HANARO 원자력iSelect,16730,2,235,1.42,16723.0,45.1002,82442,1367,226,국내 업종/테마,HANARO,False,False,False
117680,2,KODEX 철강,8950,2,50,0.56,8971.0,-1.5596,15358,137,226,국내 업종/테마,KODEX,False,False,False
387280,2,TIGER 퓨처모빌리티액티브,9520,5,-5,-0.05,9541.0,7.3844,2465,23,225,국내 업종/테마,TIGER,False,False,False
272570,6,KBSTAR 중장기국공채액티브,104360,2,90,0.09,104370.0,0.0767,11,1,224,채권,KBSTAR,False,False,False
385600,2,ACE 2차전지&친환경차액티브,11690,2,45,0.39,11704.0,5.1657,6443,74,222,국내 업종/테마,ACE,False,False,False
196030,4,ACE 일본TOPIX레버리지(H),43110,5,-1235,-2.78,42989.0,18.5853,1114,48,216,해외 주식,ACE,False,True,True
480310,4,TIGER 글로벌온디바이스AI,9555,2,80,0.84,9510.0,,632494,6030,215,해외 주식,TIGER,False,False,False
480030,4,ACE 미국500 15%프리미엄분배(합성),10215,2,10,0.1,10160.0,,551809,5635,215,해외 주식,ACE,False,False,False
277540,4,ACE 아시아TOP50S&P,14250,2,35,0.25,14265.0,16.9958,1472,20,214,해외 주식,ACE,False,False,False
310960,1,TIGER 200TR,21195,2,75,0.36,21234.0,6.4247,3481,73,212,국내 시장지수,TIGER,False,False,False
479620,4,SOL 미국AI반도체칩메이커,9625,2,5,0.05,9640.0,,282671,2723,212,해외 주식,SOL,False,False,False
341850,7,TIGER 리츠부동산인프라채권TR KIS,4785,2,25,0.53,4804.0,4.4317,127690,609,208,기타,TIGER,False,False,False
446700,2,KBSTAR 배터리 리사이클링iSelect,11930,2,5,0.04,11921.0,0.2522,8295,98,208,국내 업종/테마,KBSTAR,False,False,False
472350,4,1Q 차이나H(H),11470,5,-160,-1.38,11445.0,20.331,355,4,206,해외 주식,1Q,False,False,True
377990,2,TIGER Fn신재생에너지,8930,2,65,0.73,8946.0,10.4397,19233,171,205,국내 업종/테마,TIGER,False,False,False
211900,2,KODEX 배당성장,14915,2,20,0.13,14969.0,3.863,7389,110,201,국내 업종/테마,KODEX,False,False,False
468380,6,KODEX iShares미국하이일드액티브,10760,2,40,0.37,10720.0,4.1889,8776,94,200,채권,KODEX,False,False,False
352560,7,KODEX 미국부동산리츠(H),11080,2,60,0.54,11110.0,-2.4693,10337,114,199,기타,KODEX,False,False,True
396510,4,TIGER 차이나클린에너지SOLACTIVE,5725,5,-70,-1.21,5748.0,13.1835,4115,23,199,해외 주식,TIGER,False,False,False
391600,4,ACE 미국친환경그린테마INDXX,8835,5,-5,-0.06,9036.0,1.0863,1952,17,199,해외 주식,ACE,False,False,False
474800,4,KOSEF 미국원유에너지기업,11610,5,-5,-0.04,11691.0,16.3827,67839,789,197,해외 주식,KOSEF,False,False,False
381560,2,HANARO Fn전기&수소차,8580,2,10,0.12,8610.0,4.1059,4387,37,197,국내 업종/테마,HANARO,False,False,False
252420,3,KBSTAR 200선물인버스2X,1991,5,-14,-0.7,1988.0,-11.6741,131804,263,197,국내 파생,KBSTAR,True,False,False
404540,2,TIGER KRX기후변화솔루션,12300,5,-20,-0.16,12342.0,5.0925,741,9,197,국내 업종/테마,TIGER,False,False,False
453080,4,KOSEF 미국나스닥100(H),14890,5,-20,-0.13,14889.0,2.8985,167021,2487,194,해외 주식,KOSEF,False,False,True
117460,2,KODEX 에너지화학,14500,2,165,1.15,14514.0,-2.6155,45270,653,193,국내 업종/테마,KODEX,False,False,False
304770,1,HANARO 코스닥150,14385,2,15,0.1,14421.0,13.0427,133,1,193,국내 시장지수,HANARO,False,False,False
364990,2,TIGER 게임TOP10,5270,2,85,1.64,5279.0,-1.0119,383308,2015,192,국내 업종/테마,TIGER,False,False,False
438100,7,ACE 미국나스닥100채권혼합액티브,11830,2,65,0.55,11812.0,3.8852,22653,268,189,기타,ACE,False,False,False
139250,2,TIGER 200 에너지화학,12755,2,55,0.43,12797.0,-5.9469,17621,224,189,국내 업종/테마,TIGER,False,False,False
211560,2,TIGER 배당성장,18700,2,150,0.81,18703.0,2.9583,2382,44,185,국내 업종/테마,TIGER,False,False,False
261140,2,TIGER 우선주,12490,2,80,0.64,12543.0,5.4733,2749,34,185,국내 업종/테마,TIGER,False,False,False
471040,4,KoAct 글로벌AI&로봇액티브,12735,5,-40,-0.31,12771.0,12.704,4863,61,185,해외 주식,KoAct,False,False,False
429760,4,ARIRANG 미국S&P500,13185,2,70,0.53,13157.0,7.3328,2650,34,185,해외 주식,ARIRANG,False,False,False
114460,6,ACE 국고채3년,102535,2,20,0.02,102536.0,0.317,111,11,185,채권,ACE,False,False,False
252400,3,KBSTAR 200선물레버리지,18400,2,140,0.77,18393.0,11.3414,26909,492,184,국내 파생,KBSTAR,False,True,False
200030,4,KODEX 미국S&P500산업재(합성),29405,2,165,0.56,29461.0,9.5336,3316,97,183,해외 주식,KODEX,False,False,False
463250,2,TIGER 스페이스테크iSelect,12125,5,-100,-0.82,12146.0,17.3562,34337,415,182,국내 업종/테마,TIGER,False,False,False
219390,4,KBSTAR 미국S&P원유생산기업(합성 H),6855,3,0,0.0,6983.0,15.3069,16388,112,182,해외 주식,KBSTAR,False,False,True
185680,4,KODEX 미국S&P바이오(합성),26620,2,90,0.34,26713.0,2.8693,5543,147,179,해외 주식,KODEX,False,False,False
289260,2,TIGER MSCI KOREA ESG리더스,9140,2,35,0.38,9162.0,7.5097,151,1,178,국내 업종/테마,TIGER,False,False,False
475070,4,KoAct 글로벌기후테크인프라액티브,12255,2,60,0.49,12179.0,22.1331,8749,107,178,해외 주식,KoAct,False,False,False
456250,4,KODEX 유럽명품TOP10 STOXX,9590,2,10,0.1,9617.0,6.8957,7143,68,177,해외 주식,KODEX,False,False,False
265690,4,ACE 러시아MSCI(합성),9505,3,0,0.0,45.0,0.0,0,0,176,해외 주식,ACE,False,False,False
411050,4,ACE 글로벌메타버스테크액티브,11690,2,150,1.3,11690.0,7.8,2292,26,175,해외 주식,ACE,False,False,False
139220,2,TIGER 200 건설,3250,2,5,0.15,3259.0,1.0903,23626,76,175,국내 업종/테마,TIGER,False,False,False
271060,5,KODEX 3대농산물선물(H),10185,5,-70,-0.68,10176.0,3.9007,10415,106,174,원자재,KODEX,False,False,True
396520,4,TIGER 차이나반도체FACTSET,5275,5,-40,-0.75,5236.0,13.9335,9179,48,173,해외 주식,TIGER,False,False,False
465670,4,TIGER 미국캐시카우100,11535,3,0,0.0,11502.0,9.9094,11285,130,173,해외 주식,TIGER,False,False,False
468630,6,KODEX iShares미국투자등급회사채액티브,10795,2,35,0.33,10768.0,1.1753,7811,84,173,채권,KODEX,False,False,False
223190,2,KODEX 200가치저변동,11500,2,110,0.97,11539.0,4.7548,9276,106,173,국내 업종/테마,KODEX,False,False,False
337150,2,KODEX 200exTOP,12060,3,0,0.0,12153.0,5.808,0,0,169,국내 업종/테마,KODEX,False,False,False
376410,2,TIGER 탄소효율그린뉴딜,9370,2,35,0.37,9403.0,7.065,1026,9,169,국내 업종/테마,TIGER,False,False,False
464600,2,SOL 자동차소부장Fn,10355,5,-15,-0.14,10393.0,2.0267,2626,27,166,국내 업종/테마,SOL,False,False,False
480020,4,ACE 미국빅테크7+ 15%프리미엄분배(합성),10355,2,25,0.24,10306.0,,355754,3681,166,해외 주식,ACE,False,False,False
448630,7,KBSTAR 삼성그룹Top3채권혼합블룸버그,10345,2,15,0.15,10356.0,2.786,10057,104,166,기타,KBSTAR,False,False,False
182490,6,TIGER 단기선진하이일드(합성 H),12680,5,-10,-0.08,12732.0,1.3173,225,2,165,채권,TIGER,False,False,True
447430,2,ACE 주주환원가치주액티브,12140,2,10,0.08,12140.0,2.9012,8633,104,164,국내 업종/테마,ACE,False,False,False
457700,6,KODEX 53-09 국고채액티브,10640,3,0,0.0,10652.0,-0.6536,3046,32,164,채권,KODEX,False,False,False
114470,6,KOSEF 국고채3년,109200,2,35,0.03,109215.0,0.2976,14,1,164,채권,KOSEF,False,False,False
225800,7,KOSEF 미국달러선물레버리지,13545,2,80,0.59,13553.0,6.2746,2125,28,163,기타,KOSEF,False,True,False
442320,4,KBSTAR 글로벌원자력iSelect,17075,2,505,3.05,16953.0,17.476,127537,2161,162,해외 주식,KBSTAR,False,False,False
137610,5,TIGER 농산물선물Enhanced(H),6485,2,35,0.54,6481.0,1.3354,14649,94,162,원자재,TIGER,False,False,True
250780,3,TIGER 코스닥150선물인버스,3475,3,0,0.0,3474.0,-12.3582,257392,899,162,국내 파생,TIGER,True,False,False
306950,3,KODEX KRX300레버리지,16155,2,130,0.81,16320.0,15.1221,501,8,162,국내 파생,KODEX,False,True,False
453640,4,KODEX 미국S&P500헬스케어,11800,2,25,0.21,11854.0,1.238,8580,101,159,해외 주식,KODEX,False,False,False
426020,4,TIMEFOLIO 미국S&P500액티브,16770,5,-30,-0.18,16760.0,12.5251,104099,1742,158,해외 주식,TIMEFOLIO,False,False,False
407820,2,에셋플러스 코리아플랫폼액티브,6825,2,5,0.07,6849.0,-1.3739,5315,36,157,국내 업종/테마,에셋플러스,False,False,False
460960,7,ACE 글로벌인컴TOP10 SOLACTIVE,10690,2,65,0.61,10624.0,5.2396,12960,137,155,기타,ACE,False,False,False
217780,4,TIGER 차이나CSI300인버스(합성),8590,2,15,0.17,8636.0,-11.0939,502,4,155,해외 주식,TIGER,True,False,False
418670,4,TIGER 글로벌사이버보안INDXX,12075,2,30,0.25,12112.0,-1.311,2227,26,155,해외 주식,TIGER,False,False,False
475050,2,ACE KPOP포커스,8355,5,-100,-1.18,8341.0,4.9658,51282,429,155,국내 업종/테마,ACE,False,False,False
475300,2,SOL 반도체전공정,11035,2,55,0.5,11034.0,,118101,1283,154,국내 업종/테마,SOL,False,False,False
481060,6,KODEX 미국30년국채+12%프리미엄(합성 H),10240,2,10,0.1,10254.0,,1179088,12086,154,채권,KODEX,False,False,True
401590,4,HANARO 글로벌탄소배출권선물ICE(합성),9900,5,-100,-1.0,9914.0,8.6956,11775,116,153,해외 주식,HANARO,False,False,False
252410,3,KBSTAR 200선물인버스,5265,5,-20,-0.38,5258.0,-5.2868,4063,21,153,국내 파생,KBSTAR,True,False,False
445690,2,BNK 주주가치액티브,13840,2,140,1.02,13820.0,4.66,805,11,152,국내 업종/테마,BNK,False,False,False
461600,6,SOL 미국30년국채액티브(H),9120,2,20,0.22,9123.0,-4.5622,13650,124,150,채권,SOL,False,False,True
316670,1,KOSEF 코스닥150,7125,5,-10,-0.14,7199.0,12.7172,6464,46,150,국내 시장지수,KOSEF,False,False,False
217770,5,TIGER 원유선물인버스(H),2845,2,15,0.53,2860.0,-9.2949,81886,232,149,원자재,TIGER,True,False,True
183700,7,KBSTAR 채권혼합,62165,2,245,0.4,62121.0,2.1782,4,0,149,기타,KBSTAR,False,False,False
415340,4,KODEX 차이나과창판STAR50(합성),5945,5,-40,-0.67,6000.0,7.4506,428,2,149,해외 주식,KODEX,False,False,False
476760,6,ACE 미국30년국채액티브,9840,2,70,0.72,9829.0,,45118,443,148,채권,ACE,False,False,False
245350,4,TIGER 유로스탁스배당30,12255,2,115,0.95,12420.0,10.6351,11605,142,147,해외 주식,TIGER,False,False,False
241390,7,KBSTAR V&S셀렉트밸류채권혼합,12190,2,60,0.49,12201.0,2.753,2068,25,146,기타,KBSTAR,False,False,False
291130,4,ACE 멕시코MSCI(합성),16180,2,60,0.37,16077.0,-0.3401,1628,26,146,해외 주식,ACE,False,False,False
195970,4,ARIRANG 선진국MSCI(합성 H),11925,5,-65,-0.54,12016.0,4.3516,5060,60,145,해외 주식,ARIRANG,False,False,True
337140,2,KODEX 코스피대형주,13145,2,50,0.38,13188.0,5.8438,439,5,145,국내 업종/테마,KODEX,False,False,False
253290,7,KBSTAR 헬스케어채권혼합,11990,2,30,0.25,11989.0,3.6844,27643,330,144,기타,KBSTAR,False,False,False
409810,4,KODEX 미국나스닥100선물인버스(H),8705,5,-5,-0.06,8708.0,-1.8592,72847,633,144,해외 주식,KODEX,True,False,True
445910,2,TIGER MKF배당귀족,12375,2,30,0.24,12393.0,3.722,5615,69,142,국내 업종/테마,TIGER,False,False,False
289040,2,KODEX MSCI KOREA ESG유니버설,10930,3,0,0.0,11014.0,6.3022,0,0,142,국내 업종/테마,KODEX,False,False,False
354240,7,KBSTAR 미국고정배당우선증권ICE TR,10895,2,10,0.09,10822.0,3.2732,7198,78,142,기타,KBSTAR,False,False,False
156080,1,KODEX MSCI Korea,17620,2,5,0.03,17704.0,7.1276,1544,27,141,국내 시장지수,KODEX,False,False,False
100910,1,KOSEF KRX100,5860,2,40,0.69,5859.0,6.7498,1410,8,141,국내 시장지수,KOSEF,False,False,False
463680,4,KODEX 미국S&P500테크놀로지,12175,2,10,0.08,12214.0,3.5319,7395,90,140,해외 주식,KODEX,False,False,False
444490,4,WOORI 미국S&P500,13285,2,60,0.45,13249.0,6.6962,11915,158,139,해외 주식,WOORI,False,False,False
159800,1,마이티 코스피100,28800,2,90,0.31,28793.0,6.2467,10,0,138,국내 시장지수,마이티,False,False,False
469060,4,KBSTAR 미국반도체NYSE,14450,2,90,0.63,14390.0,12.6893,2969,42,137,해외 주식,KBSTAR,False,False,False
230480,7,KOSEF 미국달러선물인버스2X,5305,5,-50,-0.93,5308.0,-5.2213,641,3,137,기타,KOSEF,True,False,False
167860,6,KOSEF 국고채10년레버리지,104640,2,45,0.04,104656.0,-1.8671,154,16,136,채권,KOSEF,False,True,False
476030,4,SOL 미국나스닥100,10445,2,45,0.43,10423.0,,7617,79,136,해외 주식,SOL,False,False,False
181480,7,ACE 미국다우존스리츠(합성 H),75430,2,780,1.04,75491.0,-2.9133,86,6,136,기타,ACE,False,False,True
267440,6,KBSTAR 미국장기국채선물(H),8460,2,15,0.18,8448.0,-3.1537,2326,19,135,채권,KBSTAR,False,False,True
213630,4,ARIRANG 미국다우존스고배당주(합성 H),15820,2,15,0.09,15949.0,6.6824,9151,145,134,해외 주식,ARIRANG,False,False,True
407310,1,HANARO 200 TOP10,8660,5,-15,-0.17,8660.0,2.9062,101,0,134,국내 시장지수,HANARO,False,False,False
138910,5,KODEX 구리선물(H),7845,5,-75,-0.95,7801.0,20.2733,27208,214,133,원자재,KODEX,False,False,True
276000,4,TIGER 글로벌자원생산기업(합성 H),15680,2,40,0.26,15719.0,9.7543,1425,22,133,해외 주식,TIGER,False,False,True
139270,2,TIGER 200 금융,7950,2,165,2.12,7974.0,7.4682,59061,467,132,국내 업종/테마,TIGER,False,False,False
122090,1,ARIRANG 코스피50,25830,2,50,0.19,25874.0,6.3926,360,9,132,국내 시장지수,ARIRANG,False,False,False
395280,2,HANARO Fn K-게임,4115,2,40,0.98,4133.0,-0.7067,10883,44,132,국내 업종/테마,HANARO,False,False,False
453650,4,KODEX 미국S&P500금융,13840,2,70,0.51,13931.0,8.7763,1962,27,131,해외 주식,KODEX,False,False,False
371150,4,KBSTAR 차이나항셍테크,5690,5,-75,-1.3,5713.0,26.0109,8005,46,131,해외 주식,KBSTAR,False,False,False
300610,2,TIGER K게임,7460,2,100,1.36,7487.0,-2.864,25764,192,131,국내 업종/테마,TIGER,False,False,False
280320,4,ACE 미국IT인터넷S&P(합성 H),16285,5,-5,-0.03,16367.0,2.7436,653,10,130,해외 주식,ACE,False,False,True
433970,7,KODEX TDF2030액티브,11805,2,20,0.17,11795.0,3.3137,1776,20,130,기타,KODEX,False,False,False
422260,2,VITA MZ소비액티브,8535,2,5,0.06,8593.0,7.9063,29617,253,128,국내 업종/테마,VITA,False,False,False
435040,4,ACE 글로벌브랜드TOP10블룸버그,14070,5,-95,-0.67,14024.0,6.7204,5944,83,127,해외 주식,ACE,False,False,False
464610,2,SOL 의료기기소부장Fn,9365,2,110,1.19,9366.0,9.7734,29877,277,126,국내 업종/테마,SOL,False,False,False
475350,4,KBSTAR 버크셔포트폴리오TOP10,10470,2,120,1.16,10473.0,,15511,160,126,해외 주식,KBSTAR,False,False,False
471780,2,TIGER 코리아테크액티브,11210,3,0,0.0,11221.0,17.6161,3,0,126,국내 업종/테마,TIGER,False,False,False
473460,4,KODEX 미국서학개미,11410,5,-20,-0.17,11418.0,11.2841,1718,19,126,해외 주식,KODEX,False,False,False
467620,6,히어로즈 25-09 미국채권(AA-이상)액티브,52135,2,270,0.52,51962.0,2.9353,11595,602,125,채권,히어로즈,False,False,False
453060,6,HANARO KOFR금리액티브(합성),104250,2,10,0.01,104242.0,0.8757,34,3,125,채권,HANARO,False,False,False
140950,1,파워 코스피100,28390,2,190,0.67,28429.0,6.3388,172,4,125,국내 시장지수,파워,False,False,False
292500,1,SOL KRX300,17790,5,-60,-0.34,17931.0,8.4315,64,1,125,국내 시장지수,SOL,False,False,False
104530,2,KOSEF 고배당,10360,2,205,2.02,10343.0,5.8584,16932,174,124,국내 업종/테마,KOSEF,False,False,False
138530,2,TIGER LG그룹+펀더멘털,7560,2,25,0.33,7574.0,-1.773,19055,143,124,국내 업종/테마,TIGER,False,False,False
472840,1,ITF 200,37385,2,90,0.24,37487.0,6.4719,460,17,122,국내 시장지수,ITF,False,False,False
195920,4,TIGER 일본TOPIX(합성 H),22975,5,-355,-1.52,23084.0,8.5621,259,5,119,해외 주식,TIGER,False,False,True
352540,7,KODEX 일본부동산리츠(H),11920,5,-100,-0.83,11923.0,6.1368,13865,165,119,기타,KODEX,False,False,True
463690,4,KODEX 미국S&P500통신서비스,12475,2,80,0.65,12611.0,6.5228,756,9,119,해외 주식,KODEX,False,False,False
474920,4,에셋플러스 차이나일등기업포커스10액티브,11355,5,-40,-0.35,11343.0,18.6979,1935,22,118,해외 주식,에셋플러스,False,False,False
365040,1,TIGER AI코리아그로스액티브,13090,5,-10,-0.08,13145.0,6.6775,8876,116,118,국내 시장지수,TIGER,False,False,False
461340,4,HANARO 글로벌생성형AI액티브,13845,5,-65,-0.47,13801.0,8.6294,7700,106,118,해외 주식,HANARO,False,False,False
471290,6,HANARO CD금리액티브(합성),101785,2,10,0.01,101761.0,0.8621,431,43,117,채권,HANARO,False,False,False
447660,7,ARIRANG Apple채권혼합Fn,11090,5,-45,-0.4,11149.0,0.0089,35993,400,116,기타,ARIRANG,False,False,False
457690,6,KODEX 33-06 국고채액티브,10305,2,5,0.05,10302.0,-0.2905,4951,51,116,채권,KODEX,False,False,False
449540,6,SOL 24-06 국고채액티브,105095,5,-5,0.0,105105.0,0.7911,132,13,116,채권,SOL,False,False,False
400580,4,SOL 유럽탄소배출권선물S&P(H),10505,5,-340,-3.14,10534.0,16.4251,16601,174,116,해외 주식,SOL,False,False,True
473590,4,ACE 미국주식베스트셀러,11460,5,-65,-0.56,11503.0,7.811,6334,72,115,해외 주식,ACE,False,False,False
091220,2,TIGER 은행,8400,2,200,2.44,8426.0,7.7104,32298,270,114,국내 업종/테마,TIGER,False,False,False
461450,1,KODEX 코스닥글로벌,11420,5,-90,-0.78,11518.0,20.6625,34,0,114,국내 시장지수,KODEX,False,False,False
102960,2,KODEX 기계장비,6875,3,0,0.0,6897.0,15.0435,16422,112,114,국내 업종/테마,KODEX,False,False,False
310080,4,KBSTAR 중국MSCI China(H),7850,5,-100,-1.26,7757.0,15.3846,3155,24,114,해외 주식,KBSTAR,False,False,True
140710,2,KODEX 운송,4740,2,75,1.61,4756.0,-8.4037,44306,208,114,국내 업종/테마,KODEX,False,False,False
430500,7,KOSEF 물가채KIS,112235,2,95,0.08,112329.0,1.4795,187,20,112,기타,KOSEF,False,False,False
292730,1,FOCUS KRX300,18155,2,50,0.28,18160.0,7.8384,1,0,109,국내 시장지수,FOCUS,False,False,False
292050,1,KBSTAR KRX300,18120,2,65,0.36,18201.0,6.9609,2601,47,109,국내 시장지수,KBSTAR,False,False,False
449690,4,TIGER 한중반도체(합성),12755,3,0,0.0,12841.0,19.9341,1,0,108,해외 주식,TIGER,False,False,False
440650,6,ACE 미국달러단기채권액티브,10810,2,60,0.56,10775.0,3.266,7397,79,108,채권,ACE,False,False,False
266410,2,KODEX 필수소비재,6680,5,-40,-0.6,6706.0,9.2682,15551,103,107,국내 업종/테마,KODEX,False,False,False
449780,4,KOSEF 미국S&P500(H),13240,2,15,0.11,13240.0,4.5867,47182,624,106,해외 주식,KOSEF,False,False,True
453660,4,KODEX 미국S&P500경기소비재,13205,2,50,0.38,13186.0,5.1474,1432,18,106,해외 주식,KODEX,False,False,False
152500,3,ACE 레버리지,8110,2,65,0.81,8108.0,11.6585,15294,123,105,국내 파생,ACE,False,True,False
480040,4,ACE 미국반도체15%프리미엄분배(합성),10520,2,10,0.1,10433.0,,287208,3012,105,해외 주식,ACE,False,False,False
463640,4,KODEX 미국S&P500유틸리티,11065,2,165,1.51,11076.0,17.6089,4446,48,105,해외 주식,KODEX,False,False,False
433980,7,KODEX TDF2040액티브,12360,2,35,0.28,12339.0,4.7331,4499,55,105,기타,KODEX,False,False,False
453630,4,KODEX 미국S&P500필수소비재,11035,2,50,0.46,11153.0,7.0245,675,7,105,해외 주식,KODEX,False,False,False
461580,1,TIGER 코스닥글로벌,11645,5,-100,-0.85,11741.0,20.7712,264,3,105,국내 시장지수,TIGER,False,False,False
225130,4,ACE 골드선물 레버리지(합성 H),20635,5,-80,-0.39,20691.0,25.3934,2107,43,103,해외 주식,ACE,False,True,True
480460,7,WOORI 한국부동산TOP3플러스,10305,2,130,1.28,10289.0,,5578,57,103,기타,WOORI,False,False,False
442570,7,KBSTAR TDF2050액티브,12105,2,140,1.17,12072.0,5.1405,17555,212,103,기타,KBSTAR,False,False,False
145850,2,TREX 펀더멘탈 200,41140,2,265,0.65,41091.0,4.3927,9,0,103,국내 업종/테마,TREX,False,False,False
433220,4,에셋플러스 글로벌대장장이액티브,14285,5,-65,-0.45,14277.0,9.0839,1514,21,103,해외 주식,에셋플러스,False,False,False
466930,2,SOL 자동차TOP3플러스,11425,2,15,0.13,11469.0,3.765,14482,165,103,국내 업종/테마,SOL,False,False,False
476310,4,KBSTAR 글로벌비만산업TOP2+,10245,2,155,1.54,10395.0,,29513,302,102,해외 주식,KBSTAR,False,False,False
375760,2,HANARO 탄소효율그린뉴딜,9305,2,10,0.11,9326.0,6.9128,493,4,102,국내 업종/테마,HANARO,False,False,False
290080,3,KBSTAR 200고배당커버드콜ATM,7775,2,80,1.04,7816.0,-0.6841,27134,210,101,국내 파생,KBSTAR,False,False,False
104520,2,KOSEF 블루칩,8385,2,25,0.3,8399.0,3.5165,383,3,101,국내 업종/테마,KOSEF,False,False,False
449580,7,KBSTAR 미국빅데이터Top3채권혼합iSelect,12550,5,-180,-1.41,12538.0,4.2588,436,5,100,기타,KBSTAR,False,False,False
479520,6,KBSTAR KOFR금리액티브(합성),100105,5,-15,-0.01,100075.0,,631,63,100,채권,KBSTAR,False,False,False
472720,1,TRUSTON 주주가치액티브,11600,2,65,0.56,11673.0,7.3023,114194,1320,100,국내 시장지수,TRUSTON,False,False,False
368680,2,KODEX Fn K-뉴딜디지털플러스,8225,5,-10,-0.12,8253.0,-1.3655,2354,19,99,국내 업종/테마,KODEX,False,False,False
451670,6,KBSTAR 국채30년레버리지KAP(합성),19690,2,50,0.25,19689.0,-2.4827,2130,41,98,채권,KBSTAR,False,True,False
429010,4,TIGER 미국나스닥넥스트100,12245,2,165,1.37,12175.0,4.2277,177,2,98,해외 주식,TIGER,False,False,False
474390,6,SOL 국고채30년액티브,48975,2,235,0.48,48950.0,-0.9048,4022,196,98,채권,SOL,False,False,False
442580,4,ARIRANG 글로벌D램반도체iSelect,19495,2,10,0.05,19441.0,23.4947,296,5,97,해외 주식,ARIRANG,False,False,False
139240,2,TIGER 200 철강소재,8525,2,40,0.47,8561.0,0.8678,7602,64,97,국내 업종/테마,TIGER,False,False,False
225050,4,TIGER 유로스탁스레버리지(합성 H),12005,2,55,0.46,12103.0,11.4219,319,3,96,해외 주식,TIGER,False,True,True
433500,2,ACE 원자력테마딥서치,15935,2,185,1.17,15924.0,33.5764,9752,154,96,국내 업종/테마,ACE,False,False,False
473640,4,HANARO 글로벌금채굴기업,11910,5,-65,-0.54,12101.0,25.4583,2278,27,95,해외 주식,HANARO,False,False,False
417450,4,KBSTAR 글로벌수소경제Indxx,7050,5,-20,-0.28,7079.0,1.362,18282,128,95,해외 주식,KBSTAR,False,False,False
108590,1,TREX 200,37880,2,140,0.37,37954.0,6.4117,67,2,95,국내 시장지수,TREX,False,False,False
446690,4,KODEX 아시아AI반도체exChina액티브,18555,5,-15,-0.08,18552.0,22.558,1976,36,93,해외 주식,KODEX,False,False,False
459790,4,히어로즈 미국성장기업30액티브,12350,2,150,1.23,12316.0,4.721,2003,24,93,해외 주식,히어로즈,False,False,False
253150,3,ARIRANG 200선물레버리지,37030,2,240,0.65,37054.0,11.2488,163,6,93,국내 파생,ARIRANG,False,True,False
174350,2,TIGER 로우볼,12495,5,-5,-0.04,12548.0,2.8383,421,5,92,국내 업종/테마,TIGER,False,False,False
442090,2,에셋플러스 코리아대장장이액티브,11555,5,-45,-0.39,11580.0,6.1784,316,3,92,국내 업종/테마,에셋플러스,False,False,False
448570,1,FOCUS AI코리아액티브,13175,2,35,0.27,13189.0,6.3278,1334,17,92,국내 시장지수,FOCUS,False,False,False
399580,4,KBSTAR 글로벌클린에너지S&P,7065,2,90,1.29,7061.0,4.0268,3907,27,92,해외 주식,KBSTAR,False,False,False
267490,6,KBSTAR 미국장기국채선물레버리지(합성 H),5915,2,25,0.42,5901.0,-8.0406,7927,46,92,채권,KBSTAR,False,True,True
131890,2,ACE 삼성그룹동일가중,18330,2,95,0.52,18344.0,7.6891,173,3,92,국내 업종/테마,ACE,False,False,False
390400,4,KODEX 미국스마트모빌리티S&P,5695,5,-5,-0.09,5662.0,5.3604,1683,9,91,해외 주식,KODEX,False,False,False
460270,6,히어로즈 미국달러SOFR금리액티브(합성),11250,2,75,0.67,11208.0,3.6161,206,2,91,채권,히어로즈,False,False,False
253250,3,KOSEF 200선물레버리지,18210,2,145,0.8,18217.0,11.2034,7469,135,91,국내 파생,KOSEF,False,True,False
459750,4,KBSTAR 글로벌주식분산액티브,12055,2,35,0.29,12017.0,8.1908,665,8,90,해외 주식,KBSTAR,False,False,False
471460,6,히어로즈 국고채30년액티브,56425,2,365,0.65,56461.0,-1.381,1,0,90,채권,히어로즈,False,False,False
441330,4,KOSEF 차이나A50커넥트MSCI,8570,3,0,0.0,8716.0,14.1145,82,0,90,해외 주식,KOSEF,False,False,False
455660,6,ACE 미국하이일드액티브(H),9965,5,-20,-0.2,9986.0,1.2061,4732,47,90,채권,ACE,False,False,True
452440,2,VITA 밸류알파액티브,12810,2,20,0.16,12830.0,14.0538,19747,252,90,국내 업종/테마,VITA,False,False,False
385710,2,TIMEFOLIO 이노베이션액티브,8150,2,25,0.31,8193.0,7.5446,2182,17,90,국내 업종/테마,TIMEFOLIO,False,False,False
379790,4,KBSTAR 유로스탁스50(H),13770,2,125,0.92,13799.0,6.5599,2274,31,90,해외 주식,KBSTAR,False,False,True
459560,4,KODEX 테슬라밸류체인FactSet,11880,5,-120,-1.0,11864.0,13.5825,2638,31,89,해외 주식,KODEX,False,False,False
292160,1,TIGER KRX300,17765,2,30,0.17,17822.0,7.7525,101,1,89,국내 시장지수,TIGER,False,False,False
229720,1,KODEX KTOP30,17750,2,20,0.11,17773.0,3.7145,221,3,89,국내 시장지수,KODEX,False,False,False
272230,2,ACE 스마트밸류,14765,2,20,0.14,14779.0,9.2545,103,1,89,국내 업종/테마,ACE,False,False,False
139660,7,KOSEF 미국달러선물인버스,8665,5,-30,-0.35,8666.0,-2.3583,1571,13,88,기타,KOSEF,True,False,False
444200,2,SOL KEDI메가테크액티브,14620,2,60,0.41,14616.0,24.5082,6750,98,88,국내 업종/테마,SOL,False,False,False
244670,2,KODEX 밸류Plus,8745,2,15,0.17,8765.0,-3.685,1156,10,87,국내 업종/테마,KODEX,False,False,False
285690,2,FOCUS ESG리더스,10920,2,25,0.23,10994.0,4.5886,110,1,87,국내 업종/테마,FOCUS,False,False,False
460660,4,KBSTAR 미국S&P배당킹,10900,2,100,0.93,10678.0,8.054,3529,38,87,해외 주식,KBSTAR,False,False,False
464060,4,HANARO 글로벌반도체TOP10 SOLACTIVE,14350,5,-70,-0.49,14556.0,12.4015,4963,71,86,해외 주식,HANARO,False,False,False
479850,2,HANARO K-뷰티,11460,5,-45,-0.39,11481.0,,7328,83,86,국내 업종/테마,HANARO,False,False,False
261110,7,TIGER 미국달러선물레버리지,14275,2,110,0.78,14273.0,6.1844,2933,41,86,기타,TIGER,False,True,False
468370,6,KODEX iShares미국인플레이션국채액티브,10445,2,25,0.24,10412.0,2.5086,1718,17,86,채권,KODEX,False,False,False
467540,1,KOSEF 코스닥글로벌,12200,5,-45,-0.37,12184.0,20.5809,61,0,85,국내 시장지수,KOSEF,False,False,False
333960,2,ARIRANG KS모멘텀가중TR,15415,2,75,0.49,15395.0,13.2939,30,0,85,국내 업종/테마,ARIRANG,False,False,False
225060,4,TIGER 이머징마켓MSCI레버리지(합성 H),7700,5,-50,-0.65,7818.0,12.3188,3528,27,85,해외 주식,TIGER,False,True,True
477490,4,에셋플러스 글로벌일등기업포커스10액티브,10580,5,-25,-0.24,10586.0,,125,1,85,해외 주식,에셋플러스,False,False,False
333950,2,ARIRANG KS로우사이즈가중TR,16795,2,35,0.21,16774.0,4.5539,20,0,84,국내 업종/테마,ARIRANG,False,False,False
269370,4,TIGER S&P글로벌인프라(합성),12910,2,220,1.73,12889.0,9.227,760,9,84,해외 주식,TIGER,False,False,False
449680,7,TIGER 한중전기차(합성),8780,5,-20,-0.23,8788.0,9.4527,628,5,83,기타,TIGER,False,False,False
333970,2,ARIRANG KS밸류가중TR,16680,2,110,0.66,16658.0,1.75,20,0,83,국내 업종/테마,ARIRANG,False,False,False
438740,2,마이다스 KoreaStock중소형액티브,22240,2,75,0.34,22237.0,8.6519,84,1,83,국내 업종/테마,마이다스,False,False,False
183710,7,KBSTAR 주식혼합,41685,2,135,0.32,41769.0,4.4232,4,0,83,기타,KBSTAR,False,False,False
461910,4,ARIRANG 미국테크10레버리지iSelect(합성),16675,5,-25,-0.15,16571.0,18.3977,3194,53,83,해외 주식,ARIRANG,False,True,False
462340,4,에셋플러스 글로벌다이나믹시니어액티브,11565,2,115,1.0,11572.0,5.0458,5,0,83,해외 주식,에셋플러스,False,False,False
364690,1,KODEX 혁신기술테마액티브,13840,2,60,0.44,13917.0,11.2636,1283,17,83,국내 시장지수,KODEX,False,False,False
404120,2,TIMEFOLIO 탄소중립액티브,13840,2,85,0.62,13906.0,12.5613,1101,15,83,국내 업종/테마,TIMEFOLIO,False,False,False
478150,4,TIMEFOLIO 글로벌우주테크&방산액티브,10285,5,-20,-0.19,10321.0,,156108,1608,82,해외 주식,TIMEFOLIO,False,False,False
419420,4,KODEX 미국클린에너지나스닥,6300,2,50,0.8,6262.0,2.8806,7210,44,82,해외 주식,KODEX,False,False,False
139320,5,TIGER 금은선물(H),10890,5,-10,-0.09,10913.0,14.1959,1062,11,82,원자재,TIGER,False,False,True
428560,4,KODEX 미국ETF산업Top10 Indxx,13595,2,105,0.78,13603.0,0.372,1217,16,82,해외 주식,KODEX,False,False,False
275290,2,KODEX MSCI밸류,11620,2,45,0.39,11634.0,-0.6694,553,6,81,국내 업종/테마,KODEX,False,False,False
426410,4,ARIRANG 미국대체투자Top10MV,16175,5,-20,-0.12,16208.0,9.9904,73,1,81,해외 주식,ARIRANG,False,False,False
457930,2,BNK 미래전략기술액티브,10755,5,-10,-0.09,10801.0,8.4634,22,0,81,국내 업종/테마,BNK,False,False,False
360150,2,KODEX 코스닥150롱코스피200숏선물,10080,5,-55,-0.54,10093.0,7.8191,1918,19,81,국내 업종/테마,KODEX,False,False,False
456200,6,ARIRANG 미국달러SOFR금리액티브(합성),53760,2,215,0.4,53628.0,3.709,14,0,81,채권,ARIRANG,False,False,False
322120,2,ACE 스마트퀄리티,16125,5,-10,-0.06,16135.0,6.7341,60,0,81,국내 업종/테마,ACE,False,False,False
244620,2,KODEX 모멘텀Plus,13405,2,20,0.15,13419.0,15.7171,5629,75,80,국내 업종/테마,KODEX,False,False,False
424460,4,HANARO 글로벌워터MSCI(합성),13385,2,150,1.13,13348.0,12.7822,2586,34,80,해외 주식,HANARO,False,False,False
272220,2,ACE 스마트모멘텀,15875,2,100,0.63,15878.0,8.211,23,0,79,국내 업종/테마,ACE,False,False,False
337120,2,KODEX Fn멀티팩터,13175,3,0,0.0,13266.0,5.2652,0,0,79,국내 업종/테마,KODEX,False,False,False
432840,4,HANARO 미국S&P500,13140,2,20,0.15,13271.0,6.2692,942,12,79,해외 주식,HANARO,False,False,False
346000,6,HANARO KAP초장기국고채,37730,5,-20,-0.05,37832.0,-0.8562,346,13,78,채권,HANARO,False,False,False
411720,4,KBSTAR 글로벌메타버스Moorgate,13070,2,90,0.69,13092.0,11.7039,1097,14,78,해외 주식,KBSTAR,False,False,False
253280,2,KBSTAR 헬스케어,14200,2,50,0.35,14242.0,10.5037,469,6,78,국내 업종/테마,KBSTAR,False,False,False
413930,2,WOORI AI ESG액티브,9740,2,20,0.21,9774.0,7.5816,940,9,78,국내 업종/테마,WOORI,False,False,False
333940,2,ARIRANG KS로우볼가중TR,14080,2,65,0.46,14063.0,3.0514,20,0,77,국내 업종/테마,ARIRANG,False,False,False
410870,2,TIMEFOLIO K컬처액티브,8605,2,60,0.7,8662.0,10.83,3225,27,77,국내 업종/테마,TIMEFOLIO,False,False,False
450190,4,KODEX 한중반도체(합성),12865,5,-35,-0.27,13001.0,20.1676,83,1,77,해외 주식,KODEX,False,False,False
469160,4,ACE 일본반도체,12865,2,5,0.04,12871.0,7.615,3967,51,77,해외 주식,ACE,False,False,False
275280,2,KODEX MSCI모멘텀,12790,2,90,0.71,12798.0,13.7075,652,8,77,국내 업종/테마,KODEX,False,False,False
234310,2,KBSTAR V&S셀렉트밸류,15270,2,175,1.16,15288.0,6.4452,53,0,76,국내 업종/테마,KBSTAR,False,False,False
448100,1,WOORI 200,38135,2,130,0.34,38230.0,6.5013,1487,56,76,국내 시장지수,WOORI,False,False,False
333980,2,ARIRANG KS퀄리티가중TR,15235,2,65,0.43,15220.0,5.9357,20,0,76,국내 업종/테마,ARIRANG,False,False,False
270800,2,KBSTAR KQ고배당,12610,2,10,0.08,12641.0,4.7468,896,11,76,국내 업종/테마,KBSTAR,False,False,False
367740,2,HANARO Fn5G산업,13750,2,105,0.77,13759.0,17.3662,208,2,76,국내 업종/테마,HANARO,False,False,False
419650,4,ARIRANG 글로벌수소&차세대연료전지MV,4080,3,0,0.0,4106.0,-5.2265,4728,19,75,해외 주식,ARIRANG,False,False,False
192720,2,파워 고배당저변동성,31415,2,250,0.8,31518.0,-0.2114,215,6,75,국내 업종/테마,파워,False,False,False
380340,2,ACE Fn5G플러스,10700,3,0,0.0,10760.0,13.8055,762,8,75,국내 업종/테마,ACE,False,False,False
331910,2,KOSEF Fn중소형,21795,2,85,0.39,21870.0,1.4865,125,2,74,국내 업종/테마,KOSEF,False,False,False
227570,2,TIGER 우량가치,11725,2,30,0.26,11736.0,-2.3138,147,1,74,국내 업종/테마,TIGER,False,False,False
269530,4,ARIRANG S&P글로벌인프라,14750,2,50,0.34,14898.0,9.4808,159,2,74,해외 주식,ARIRANG,False,False,False
375270,7,KBSTAR 글로벌데이터센터리츠나스닥(합성),10535,2,155,1.49,10453.0,-2.1678,2897,30,74,기타,KBSTAR,False,False,False
237440,7,TIGER 경기방어채권혼합,9200,3,0,0.0,9206.0,1.8826,369,3,74,기타,TIGER,False,False,False
153270,1,KOSEF 코스피100,28240,2,65,0.23,28296.0,6.3087,266,7,73,국내 시장지수,KOSEF,False,False,False
404650,2,SOL KRX기후변화솔루션,12230,5,-15,-0.12,12274.0,4.4616,513,6,73,국내 업종/테마,SOL,False,False,False
307510,2,TIGER 의료기기,14665,5,-25,-0.17,14798.0,7.3673,2137,31,73,국내 업종/테마,TIGER,False,False,False
301400,1,ARIRANG 코스닥150,14555,2,15,0.1,14576.0,12.3473,246,3,73,국내 시장지수,ARIRANG,False,False,False
261060,2,TIGER 코스닥150IT,17300,2,5,0.03,17361.0,15.0545,29,0,73,국내 업종/테마,TIGER,False,False,False
225030,4,TIGER 미국S&P500선물인버스(H),3260,2,5,0.15,3253.0,-3.269,15044,48,72,해외 주식,TIGER,True,False,True
460280,2,KOSEF Fn유전자혁신기술,9560,2,20,0.21,9594.0,9.2157,3880,37,72,국내 업종/테마,KOSEF,False,False,False
205720,4,ACE 일본TOPIX인버스(합성 H),2650,2,45,1.73,2662.0,-8.9161,17997,47,72,해외 주식,ACE,True,False,True
457990,2,ARIRANG 태양광&ESS Fn,10205,2,90,0.89,10207.0,33.8671,2918,29,71,국내 업종/테마,ARIRANG,False,False,False
429740,7,ARIRANG K리츠Fn,7135,2,85,1.21,7169.0,5.3811,24093,171,71,기타,ARIRANG,False,False,False
322410,2,HANARO 고배당,12970,2,170,1.33,13002.0,2.7452,2044,26,71,국내 업종/테마,HANARO,False,False,False
227830,1,ARIRANG 코스피,28400,2,45,0.16,28460.0,5.4285,20,0,71,국내 시장지수,ARIRANG,False,False,False
432600,6,KBSTAR 국채선물3년,52990,2,100,0.19,52947.0,-0.1322,4,0,71,채권,KBSTAR,False,False,False
189400,4,ARIRANG 글로벌MSCI(합성 H),18165,2,15,0.08,18250.0,4.1308,62,1,71,해외 주식,ARIRANG,False,False,True
305050,1,ACE 코스피,28210,2,90,0.32,28230.0,5.5357,8225,231,71,국내 시장지수,ACE,False,False,False
435550,7,히어로즈 TDF2050액티브,12780,2,65,0.51,12754.0,6.4016,839,10,70,기타,히어로즈,False,False,False
157500,2,TIGER 증권,5080,2,85,1.7,5095.0,4.981,3328,16,70,국내 업종/테마,TIGER,False,False,False
402520,1,FOCUS 혁신기업액티브,8745,2,30,0.34,8775.0,10.3863,206,1,70,국내 시장지수,FOCUS,False,False,False
373790,4,KOSEF 미국방어배당성장나스닥,13945,2,150,1.09,13986.0,5.1688,2629,36,70,해외 주식,KOSEF,False,False,False
304760,1,HANARO KRX300,17395,3,0,0.0,17428.0,7.5026,0,0,70,국내 시장지수,HANARO,False,False,False
304670,6,KODEX 미국30년국채울트라선물인버스(H),11545,5,-25,-0.22,11580.0,5.2296,2635,30,69,채권,KODEX,True,False,True
166400,3,TIGER 200커버드콜5%OTM,13685,2,55,0.4,13704.0,7.7896,1139,15,68,국내 파생,TIGER,False,False,False
251590,2,ARIRANG 고배당저변동50,12440,2,60,0.48,12461.0,2.4156,361,4,68,국내 업종/테마,ARIRANG,False,False,False
322150,2,ACE 스마트하이베타,13610,2,50,0.37,13624.0,6.9822,20,0,68,국내 업종/테마,ACE,False,False,False
419170,4,HANARO 미국메타버스iSelect,13570,2,140,1.04,13393.0,3.4668,165,2,68,해외 주식,HANARO,False,False,False
429990,7,SOL 한국형글로벌플랫폼&메타버스액티브,13460,5,-45,-0.33,13550.0,10.4974,33,0,67,기타,SOL,False,False,False
252650,1,KODEX 200동일가중,11200,2,55,0.49,11245.0,4.188,1,0,67,국내 시장지수,KODEX,False,False,False
226980,1,KODEX 200 중소형,13415,2,90,0.68,13462.0,10.2971,1590,21,67,국내 시장지수,KODEX,False,False,False
139290,2,TIGER 200 경기소비재,16760,2,90,0.54,16823.0,0.2345,366,6,67,국내 업종/테마,TIGER,False,False,False
438900,2,HANARO Fn K-푸드,9545,5,-5,-0.05,9524.0,8.8815,7329,69,67,국내 업종/테마,HANARO,False,False,False
404470,2,HANARO KRX기후변화솔루션,12135,5,-90,-0.74,12207.0,5.4606,5,0,67,국내 업종/테마,HANARO,False,False,False
322130,2,ACE 스마트로우볼,16590,2,40,0.24,16611.0,5.5282,56,0,66,국내 업종/테마,ACE,False,False,False
138920,5,KODEX 콩선물(H),13270,5,-160,-1.19,13252.0,3.5865,447,5,66,원자재,KODEX,False,False,True
279540,2,KODEX 최소변동성,11055,2,35,0.32,11098.0,5.9921,310,3,66,국내 업종/테마,KODEX,False,False,False
176950,6,KODEX 국채선물10년인버스,55120,5,-20,-0.04,55134.0,2.1205,10,0,66,채권,KODEX,True,False,False
371130,4,ACE 베트남VN30선물블룸버그레버리지(H),11015,5,-5,-0.05,11122.0,3.0388,2042,22,66,해외 주식,ACE,False,True,True
402460,2,HANARO Fn K-메타버스MZ,7330,5,-5,-0.07,7325.0,4.0573,462,3,66,국내 업종/테마,HANARO,False,False,False
440910,4,WOORI 미국우주항공방산,13160,2,110,0.84,13132.0,10.406,2047,26,66,해외 주식,WOORI,False,False,False
451150,4,에셋플러스 글로벌영에이지액티브,13125,2,20,0.15,13109.0,8.0824,58,0,66,해외 주식,에셋플러스,False,False,False
292770,6,KODEX 국채선물3년인버스,54670,3,0,0.0,54626.0,1.5133,0,0,66,채권,KODEX,True,False,False
289250,2,TIGER MSCI KOREA ESG유니버설,10925,2,5,0.05,11009.0,6.2877,2,0,66,국내 업종/테마,TIGER,False,False,False
319870,7,KBSTAR KRX300미국달러선물혼합,18700,2,190,1.03,18710.0,9.6239,48,0,65,기타,KBSTAR,False,False,False
117690,4,TIGER 차이나항셍25,14530,5,-160,-1.09,14602.0,25.3947,4378,64,65,해외 주식,TIGER,False,False,False
433880,7,ARIRANG TDF2060액티브,12915,2,90,0.7,12870.0,6.0355,992,12,65,기타,ARIRANG,False,False,False
252000,1,TIGER 200동일가중,11680,2,60,0.52,11725.0,4.3462,3,0,64,국내 시장지수,TIGER,False,False,False
435540,7,히어로즈 TDF2040액티브,12650,2,50,0.4,12625.0,6.1499,220,2,63,기타,히어로즈,False,False,False
307520,2,TIGER 지주회사,10540,2,5,0.05,10570.0,-2.715,9678,101,63,국내 업종/테마,TIGER,False,False,False
298340,6,ARIRANG 국채선물3년,54375,3,0,0.0,54383.0,0.1657,0,0,63,채권,ARIRANG,False,False,False
253160,3,ARIRANG 200선물인버스2X,4065,5,-30,-0.73,4054.0,-11.5551,13163,53,63,국내 파생,ARIRANG,True,False,False
437370,4,KBSTAR 글로벌농업경제MV,8960,2,40,0.45,9001.0,3.4202,6610,59,63,해외 주식,KBSTAR,False,False,False
450180,7,KODEX 한중전기차(합성),8960,5,-55,-0.61,9008.0,9.6715,15,0,63,기타,KODEX,False,False,False
415760,4,SOL 차이나육성산업액티브(합성),5680,2,30,0.53,5779.0,4.0515,1086,6,62,해외 주식,SOL,False,False,False
469530,3,KBSTAR 미국달러선물인버스,9585,5,-40,-0.42,9604.0,-2.4823,39,0,62,국내 파생,KBSTAR,True,False,False
450120,2,KOSEF SK그룹대표주,12395,2,35,0.28,12397.0,5.5508,143,1,62,국내 업종/테마,KOSEF,False,False,False
433870,7,ARIRANG TDF2050액티브,12365,2,205,1.69,12312.0,4.5122,202,2,62,기타,ARIRANG,False,False,False
219900,4,ACE 중국본토CSI300레버리지(합성),2670,5,-25,-0.93,2700.0,25.3488,9786,26,61,해외 주식,ACE,False,True,False
403990,2,KBSTAR KRX기후변화솔루션,12230,2,45,0.37,12232.0,5.1609,6,0,61,국내 업종/테마,KBSTAR,False,False,False
466810,2,BNK 2차전지양극재,8095,5,-30,-0.37,8112.0,-1.5152,4628,37,61,국내 업종/테마,BNK,False,False,False
411860,4,KOSEF 독일DAX,12120,2,245,2.06,12123.0,7.8564,381,4,61,해외 주식,KOSEF,False,False,False
459370,4,SOL 유럽탄소배출권선물인버스ICE(H),12090,2,435,3.73,12111.0,-18.2393,14850,178,60,해외 주식,SOL,True,False,True
143460,2,ACE 밸류대형,10055,2,90,0.9,10062.0,3.867,908,9,60,국내 업종/테마,ACE,False,False,False
291680,4,KBSTAR 차이나H선물인버스(H),12060,2,145,1.22,12077.0,-17.8276,2592,30,60,해외 주식,KBSTAR,True,False,True
266550,2,ARIRANG 중형주저변동50,12000,2,60,0.5,11988.0,7.5869,44,0,60,국내 업종/테마,ARIRANG,False,False,False
140580,2,KBSTAR 우량업종대표주,11980,2,85,0.71,12012.0,6.7965,22,0,60,국내 업종/테마,KBSTAR,False,False,False
438210,4,ARIRANG 글로벌인공지능산업MV,11970,5,-100,-0.83,11952.0,-1.0656,2600,31,60,해외 주식,ARIRANG,False,False,False
435530,7,히어로즈 TDF2030액티브,11950,3,0,0.0,11980.0,4.9165,5,0,60,기타,히어로즈,False,False,False
226380,2,ACE Fn성장소비주도주,5965,5,-5,-0.08,5969.0,3.9164,140,0,60,국내 업종/테마,ACE,False,False,False
442560,7,KBSTAR TDF2040액티브,11920,2,80,0.68,11933.0,5.1509,943,11,60,기타,KBSTAR,False,False,False
476000,2,UNICORN 포스트IPO액티브,9120,5,-195,-2.09,9116.0,,1933,17,59,국내 업종/테마,UNICORN,False,False,False
316300,7,ACE 싱가포르리츠,11760,2,55,0.47,11761.0,-3.0642,635,7,59,기타,ACE,False,False,False
436180,2,ARIRANG K-유니콘투자기업액티브,10620,2,55,0.52,10606.0,-5.1276,28,0,58,국내 업종/테마,ARIRANG,False,False,False
253230,3,KOSEF 200선물인버스2X,2010,5,-15,-0.74,2000.0,-11.3786,76597,153,58,국내 파생,KOSEF,True,False,False
442550,7,KBSTAR TDF2030액티브,11610,2,60,0.52,11638.0,3.9603,599,6,58,기타,KBSTAR,False,False,False
228820,1,TIGER KTOP30,8915,2,15,0.17,8942.0,3.6691,415,3,58,국내 시장지수,TIGER,False,False,False
429980,7,SOL 한국형글로벌전기차&2차전지액티브,10725,5,-105,-0.97,10798.0,11.9032,999,10,58,기타,SOL,False,False,False
433860,7,ARIRANG TDF2040액티브,11520,2,45,0.39,11612.0,2.8225,345,3,58,기타,ARIRANG,False,False,False
280920,2,ARIRANG 주도업종,10470,2,60,0.58,10459.0,10.0539,83,0,58,국내 업종/테마,ARIRANG,False,False,False
291890,4,KODEX MSCI EM선물(H),8225,5,-15,-0.18,8226.0,5.7087,27,0,58,해외 주식,KODEX,False,False,True
373530,4,ARIRANG 신흥국MSCI인버스(합성 H),11025,5,-70,-0.63,11127.0,-6.0145,21,0,57,해외 주식,ARIRANG,True,False,True
275300,2,KODEX MSCI퀄리티,9490,2,40,0.42,9504.0,8.8208,156,1,57,국내 업종/테마,KODEX,False,False,False
314700,2,HANARO 농업융복합산업,10315,2,45,0.44,10317.0,-2.6356,2275,23,57,국내 업종/테마,HANARO,False,False,False
289670,6,ARIRANG 국채선물10년,52475,3,0,0.0,52544.0,-0.7472,0,0,57,채권,ARIRANG,False,False,False
371870,4,ACE 차이나항셍테크,5660,5,-55,-0.96,5695.0,26.0198,11827,67,57,해외 주식,ACE,False,False,False
105010,4,TIGER 라틴35,4710,2,10,0.21,4716.0,2.1739,2343,11,57,해외 주식,TIGER,False,False,False
433850,7,ARIRANG TDF2030액티브,11245,5,-90,-0.79,11327.0,2.2552,496,5,56,기타,ARIRANG,False,False,False
432850,4,HANARO 글로벌백신치료제MSCI,11200,2,115,1.04,11167.0,5.0611,16,0,56,해외 주식,HANARO,False,False,False
456100,6,HANARO 유로존국채25년플러스(합성 H),51480,2,630,1.24,51534.0,0.5139,83,4,56,채권,HANARO,False,False,True
261920,4,ACE 필리핀MSCI(합성),13610,2,75,0.55,13659.0,-3.1139,254,3,54,해외 주식,ACE,False,False,False
407160,2,KCGI 테크미디어텔레콤액티브,9835,2,25,0.25,9852.0,15.6839,1006,9,54,국내 업종/테마,KCGI,False,False,False
267450,6,KBSTAR 미국장기국채선물인버스(H),10795,5,-120,-1.1,10915.0,5.5609,32,0,54,채권,KBSTAR,True,False,True
334690,5,KBSTAR 팔라듐선물(H),5110,5,-45,-0.87,5101.0,3.514,3802,19,54,원자재,KBSTAR,False,False,True
292750,1,ARIRANG KRX300,17805,2,30,0.17,17874.0,7.3045,22,0,53,국내 시장지수,ARIRANG,False,False,False
390950,6,HANARO 단기채권액티브,106500,3,0,0.0,106516.0,0.7282,0,0,53,채권,HANARO,False,False,False
437550,7,히어로즈 글로벌리츠이지스액티브,9665,2,125,1.31,9789.0,1.1557,105,1,53,기타,히어로즈,False,False,False
277650,2,TIGER 코스피중형주,15075,2,90,0.6,15119.0,5.18,91,1,53,국내 업종/테마,TIGER,False,False,False
105780,2,KBSTAR 5대그룹주,6570,2,20,0.31,6574.0,4.5157,480,3,53,국내 업종/테마,KBSTAR,False,False,False
280940,5,KODEX 골드선물인버스(H),6170,2,15,0.24,6181.0,-11.055,1767,10,52,원자재,KODEX,True,False,True
373490,2,KODEX K-이노베이션액티브,12940,2,55,0.43,12975.0,33.3436,3430,44,52,국내 업종/테마,KODEX,False,False,False
381570,2,HANARO Fn친환경에너지,8585,5,-5,-0.06,8630.0,-1.0825,1602,13,52,국내 업종/테마,HANARO,False,False,False
445950,4,KOSEF 차이나A50커넥트인버스MSCI(합성 H),10235,3,0,0.0,9875.0,-9.0627,0,0,51,해외 주식,KOSEF,True,False,True
428510,4,KODEX 차이나메타버스액티브,10145,2,95,0.95,10167.0,12.1026,789,7,51,해외 주식,KODEX,False,False,False
427110,2,KBSTAR Fn창업투자회사,7610,2,80,1.06,7641.0,7.4179,794,6,50,국내 업종/테마,KBSTAR,False,False,False
266390,2,KODEX 경기소비재,8360,2,60,0.72,8389.0,-3.1506,2933,24,50,국내 업종/테마,KODEX,False,False,False
394340,4,KOSEF 글로벌디지털경제,9975,5,-180,-1.77,10076.0,7.2333,94,0,50,해외 주식,KOSEF,False,False,False
454180,4,KOSEF 차이나내수소비TOP CSI,8925,5,-95,-1.05,8993.0,22.6376,285,2,49,해외 주식,KOSEF,False,False,False
391670,1,HK 베스트일레븐액티브,9665,3,0,0.0,9729.0,9.7671,0,0,48,국내 시장지수,HK,False,False,False
433250,1,UNICORN R&D 액티브,12060,2,35,0.29,12066.0,5.7142,7,0,48,국내 시장지수,UNICORN,False,False,False
321410,7,KODEX 멀티에셋하이인컴(H),9610,2,65,0.68,9560.0,1.0587,2,0,48,기타,KODEX,False,False,True
476260,2,HANARO 반도체핵심공정주도주,10615,5,-80,-0.75,10608.0,,8759,92,48,국내 업종/테마,HANARO,False,False,False
277640,2,TIGER 코스피대형주,13635,2,35,0.26,13697.0,5.7049,400,5,48,국내 업종/테마,TIGER,False,False,False
391680,1,HK 하이볼액티브,8505,3,0,0.0,8577.0,6.0473,0,0,47,국내 시장지수,HK,False,False,False
461900,4,ARIRANG 미국테크10iSelect,13360,2,40,0.3,13358.0,10.5394,204,2,47,해외 주식,ARIRANG,False,False,False
227550,2,TIGER 200 산업재,6655,2,45,0.68,6652.0,7.1486,2368,15,47,국내 업종/테마,TIGER,False,False,False
140570,2,KBSTAR 수출주,11615,2,130,1.13,11639.0,7.0463,400,4,46,국내 업종/테마,KBSTAR,False,False,False
416090,4,ACE 중국과창판STAR50,5645,5,-75,-1.31,5696.0,8.5388,1452,8,45,해외 주식,ACE,False,False,False
413220,4,SOL 차이나태양광CSI(합성),4460,5,-5,-0.11,4462.0,4.2007,2394,10,45,해외 주식,SOL,False,False,False
395760,2,ARIRANG ESG성장주액티브,8900,2,35,0.39,8913.0,8.7463,9674,85,45,국내 업종/테마,ARIRANG,False,False,False
281990,2,KBSTAR 중소형고배당,11095,2,70,0.63,11118.0,-1.7993,893,9,44,국내 업종/테마,KBSTAR,False,False,False
284980,2,KBSTAR 200금융,10565,2,275,2.67,10582.0,7.0091,3925,41,44,국내 업종/테마,KBSTAR,False,False,False
244660,2,KODEX 퀄리티Plus,8765,2,60,0.69,8771.0,0.3111,8,0,44,국내 업종/테마,KODEX,False,False,False
285000,2,KBSTAR 200IT,15470,2,55,0.36,15473.0,10.8115,653,10,43,국내 업종/테마,KBSTAR,False,False,False
238670,7,ARIRANG 스마트베타Quality채권혼합,10755,2,30,0.28,10758.0,-0.2233,430,4,43,기타,ARIRANG,False,False,False
465620,4,ACE 미국빅테크TOP7 Plus인버스(합성),14305,5,-60,-0.42,14324.0,-12.6748,1995,28,43,해외 주식,ACE,True,False,False
306520,3,HANARO 200선물인버스,9530,5,-20,-0.21,9512.0,-5.1639,215,2,43,국내 파생,HANARO,True,False,False
285010,2,KBSTAR 200중공업,13335,2,160,1.21,13329.0,26.0886,2721,36,43,국내 업종/테마,KBSTAR,False,False,False
426330,4,KOSEF 미국ETF산업STOXX,12185,2,185,1.54,12197.0,2.6957,170,2,43,해외 주식,KOSEF,False,False,False
291630,3,KOSEF 코스닥150선물레버리지,5815,3,0,0.0,5830.0,27.3822,39582,227,42,국내 파생,KOSEF,False,True,False
473380,2,HANARO K-메디테크,8365,2,150,1.83,8401.0,-1.3214,11,0,42,국내 업종/테마,HANARO,False,False,False
295820,1,ARIRANG 200동일가중,10385,3,0,0.0,10483.0,3.6944,0,0,42,국내 시장지수,ARIRANG,False,False,False
284990,2,KBSTAR 200에너지화학,8595,2,105,1.24,8612.0,-6.5802,1109,9,41,국내 업종/테마,KBSTAR,False,False,False
448510,4,HANARO 글로벌신재생에너지MSCI(합성),7405,2,65,0.89,7396.0,10.9599,1735,12,41,해외 주식,HANARO,False,False,False
429870,7,히어로즈 리츠이지스액티브,7370,2,5,0.07,7456.0,5.8341,13997,102,41,기타,히어로즈,False,False,False
295000,6,KBSTAR 국채선물10년,51840,2,80,0.15,51827.0,-0.8714,143,7,40,채권,KBSTAR,False,False,False
445930,4,KOSEF 차이나A50커넥트레버리지MSCI(합성H),8060,5,-190,-2.3,8430.0,25.1896,702,5,40,해외 주식,KOSEF,False,True,True
256450,4,ARIRANG 심천차이넥스트(합성),8055,3,0,0.0,7994.0,13.7711,10,0,40,해외 주식,ARIRANG,False,False,False
427120,2,KBSTAR Fn플랫폼테마,6695,2,35,0.53,6708.0,-5.3305,107,0,40,국내 업종/테마,KBSTAR,False,False,False
215620,2,HK S&P코리아로우볼,12745,3,0,0.0,12836.0,-0.1489,0,0,38,국내 업종/테마,HK,False,False,False
147970,2,TIGER 모멘텀,27235,2,200,0.74,27202.0,14.6376,946,25,38,국내 업종/테마,TIGER,False,False,False
407170,2,KCGI 스마트커머스액티브,7615,2,10,0.13,7620.0,9.3457,189,1,38,국내 업종/테마,KCGI,False,False,False
407300,2,HANARO Fn골프테마,5850,2,20,0.34,5890.0,-4.7386,23,0,38,국내 업종/테마,HANARO,False,False,False
139310,5,TIGER 금속선물(H),6260,5,-5,-0.08,6325.0,15.5904,2134,13,38,원자재,TIGER,False,False,True
243890,2,TIGER 200에너지화학레버리지,6765,2,95,1.42,6834.0,-14.4872,49835,332,36,국내 업종/테마,TIGER,False,True,False
469790,2,KOSEF K-테크TOP10,11715,5,-70,-0.59,11710.0,8.5174,80,0,35,국내 업종/테마,KOSEF,False,False,False
098560,2,TIGER 방송통신,6885,5,-35,-0.51,6881.0,-5.3223,5940,40,34,국내 업종/테마,TIGER,False,False,False
220130,4,SOL 차이나강소기업CSI500(합성 H),4270,5,-5,-0.12,4263.0,7.8184,103,0,34,해외 주식,SOL,False,False,True
227560,2,TIGER 200 생활소비재,8455,5,-15,-0.18,8461.0,8.4645,1069,9,34,국내 업종/테마,TIGER,False,False,False
285020,2,KBSTAR 200철강소재,8715,2,40,0.46,8753.0,0.4515,2673,23,33,국내 업종/테마,KBSTAR,False,False,False
472490,4,HANARO 미국애그테크,10970,2,220,2.05,11027.0,8.7506,617,6,33,해외 주식,HANARO,False,False,False
291620,3,KOSEF 코스닥150선물인버스,6150,5,-5,-0.08,6138.0,-11.9457,6656,41,33,국내 파생,KOSEF,True,False,False
397420,6,KBSTAR 국채선물5년추종,49370,2,115,0.23,49330.0,-0.4045,4,0,33,채권,KBSTAR,False,False,False
287300,2,KBSTAR 200건설,13380,2,110,0.83,13372.0,1.0277,76,1,32,국내 업종/테마,KBSTAR,False,False,False
334700,5,KBSTAR 팔라듐선물인버스(H),6285,2,35,0.56,6325.0,-7.476,104,0,31,원자재,KBSTAR,True,False,True
267500,6,KBSTAR 미국장기국채선물인버스2X(합성 H),10430,5,-205,-1.93,10635.0,7.3158,48,0,31,채권,KBSTAR,True,False,True
306530,3,HANARO 코스닥150선물레버리지,11620,5,-110,-0.94,11729.0,26.8793,666,7,30,국내 파생,HANARO,False,True,False
275750,3,KBSTAR 코스닥150선물인버스,3515,5,-5,-0.14,3506.0,-12.2195,2432,8,30,국내 파생,KBSTAR,True,False,False
301410,3,ARIRANG 코스닥150선물인버스,5270,2,10,0.19,5293.0,-11.8928,1620,8,29,국내 파생,ARIRANG,True,False,False
315270,2,TIGER 200커뮤니케이션서비스,17390,2,45,0.26,17392.0,-2.3423,1256,21,28,국내 업종/테마,TIGER,False,False,False
253240,3,KOSEF 200선물인버스,5310,5,-20,-0.38,5305.0,-5.4126,1169,6,28,국내 파생,KOSEF,True,False,False
391590,4,ACE 미국스팩&IPO INDXX,5500,2,10,0.18,5477.0,4.5714,185,1,28,해외 주식,ACE,False,False,False
473500,4,KOSEF 글로벌전력반도체,9010,2,135,1.52,9133.0,-3.0585,147199,1319,27,해외 주식,KOSEF,False,False,False
145670,3,ACE 인버스,5110,5,-20,-0.39,5104.0,-5.1757,2403,12,26,국내 파생,ACE,True,False,False
415920,5,ARIRANG 글로벌희토류전략자원기업MV,5090,5,-10,-0.2,5196.0,0.691,1308,6,25,원자재,ARIRANG,False,False,False
252720,2,KBSTAR 모멘텀밸류,16610,2,195,1.19,16617.0,6.2115,1163,19,25,국내 업종/테마,KBSTAR,False,False,False
299070,6,ACE 국채선물10년인버스,112955,3,0,0.0,112841.0,2.1847,0,0,23,채권,ACE,True,False,False
299080,6,ACE 국채선물3년인버스,110240,3,0,0.0,110169.0,1.5756,0,0,22,채권,ACE,True,False,False
287310,2,KBSTAR 200경기소비재,10660,2,100,0.95,10659.0,0.1232,32,0,21,국내 업종/테마,KBSTAR,False,False,False
412560,2,TIGER BBIG레버리지,2210,2,25,1.14,2226.0,-0.9071,4169,9,19,국내 업종/테마,TIGER,False,True,False
252730,2,KBSTAR 모멘텀로우볼,16285,2,75,0.46,16300.0,6.8204,12,0,16,국내 업종/테마,KBSTAR,False,False,False
287330,2,KBSTAR 200생활소비재,6415,5,-5,-0.08,6415.0,8.2995,2140,13,14,국내 업종/테마,KBSTAR,False,False,False
315480,2,KBSTAR 200커뮤니케이션서비스,10965,2,25,0.23,10969.0,-1.9011,119,1,13,국내 업종/테마,KBSTAR,False,False,False
287320,2,KBSTAR 200산업재,12495,2,125,1.01,12504.0,8.0443,149,1,10,국내 업종/테마,KBSTAR,False,False,False
