종목명,현재가,전일비,등락률,매수호가,매도호가,거래량,거래대금,전일거래량,조회일자,종목명_전처리,종목코드,매출액,영업이익,당기순이익,영업이익률,순이익률,ROE(지배주주),부채비율,당좌비율,유보율,EPS(원),PER(배),BPS(원),PBR(배),주당배당금(원),시가배당률(%),배당성향(%),시가총액,시가총액순위,상장주식수,액면가l매매단위,외국인한도주식수(A),외국인보유주식수(B),외국인소진율(B/A),투자의견l목표주가,52주최고l최저,PERlEPS(2023.12),추정PERlEPS,PBRlBPS (2023.12),배당수익률,동일업종 PER,동일업종 등락률,배당수익률l2023.12,배당수익률l2024.02,PERlEPS(2024.02),PBRlBPS (2024.02),배당수익률l2024.03,배당수익률l2024.01,배당수익률l2024.04
한국유니온제약 *,6220.0,상승  410,+7.06%,6220.0,6230.0,30120.0,184.0,7041.0,2024-05-12,한국유니온제약,080720,,,,,,,,,,,,,,,,,492  억원,코스닥 1344위,7909829,500원  l  1주,7909829,53729,0.68%,N/A  l  N/A,"6,460  l  4,210","N/A  l  -2,297원",N/A  l  N/A,"1.48배  l  4,196원",,101.57배,+0.31%,,,,,,,
에이비온 *,8200.0,상승  490,+6.36%,8190.0,8200.0,240152.0,1946.0,171467.0,2024-05-12,에이비온,203400,,,,,,,,,,,,,,,,,"1,806  억원",코스닥 498위,22025993,500원  l  1주,22025993,68933,0.31%,N/A  l  N/A,"9,720  l  4,710","N/A  l  -1,524원",N/A  l  N/A,18.10배  l  453원,,101.57배,+0.31%,,,,,,,
에이프로젠바이오로직스,1631.0,상승  90,+5.84%,1631.0,1632.0,498832.0,802.0,155279.0,2024-05-12,에이프로젠바이오로직스,003060,,,,,,,,,,,,,,,,,"1,086  억원",코스피 887위,66575468,500원  l  1주,66575468,374036,0.56%,N/A  l  N/A,"6,927  l  1,467","N/A  l  -1,838원",N/A  l  N/A,"0.29배  l  5,607원",,101.57배,+0.31%,,,,,,,
광동헬스바이오,2710.0,상승  105,+4.03%,2610.0,2675.0,2.0,5.0,891.0,2024-05-12,광동헬스바이오,086220,,,,,,,,,,,,,,,,,"1,159  억원",코스닥 753위,11086579,500원  l  1주,11086579,203906,1.84%,N/A  l  N/A,"14,950  l  7,580",27.72배  l  377원,N/A  l  N/A,"0.95배  l  11,027원",,101.57배,+0.31%,0.48%,,,,,,
대봉엘에스 *,10450.0,상승  400,+3.98%,10440.0,10450.0,203025.0,2095.0,84220.0,2024-05-12,대봉엘에스,078140,,,,,,,,,,,,,,,,,"1,932  억원",코스닥 455위,98867465,,98867465,1221029,1.24%,N/A  l  N/A,"3,140  l  1,180",N/A  l  -540원,N/A  l  N/A,2.58배  l  757원,,101.57배,+0.31%,,,,,,,
네오이뮨텍 *,1954.0,상승  66,+3.50%,1953.0,1954.0,1062278.0,2056.0,884492.0,2024-05-12,네오이뮨텍,950220,,,,,,,,,,,,,,,,,946  억원,코스피 928위,9603921,500원  l  1주,9603921,374065,3.89%,N/A  l  N/A,"11,490  l  8,500",10.43배  l  944원,N/A  l  N/A,"0.41배  l  24,263원",,101.57배,+0.31%,3.55%,,,,,,
코스맥스비티아이,9850.0,상승  280,+2.93%,9840.0,9850.0,13190.0,126.0,3667.0,2024-05-12,코스맥스비티아이,044820,,,,,,,,,,,,,,,,,"4,762  억원",코스닥 158위,29415558,500원  l  1주,29415558,946348,3.22%,"4.00매수  l  20,000","22,350  l  14,210",24.27배  l  667원,N/A  l  N/A,"1.18배  l  13,693원",,101.57배,+0.31%,1.90%,,,,,,
콜마비앤에이치 *,16190.0,상승  460,+2.92%,16180.0,16190.0,175997.0,2846.0,121289.0,2024-05-12,콜마비앤에이치,200130,,,,,,,,,,,,,,,,,"4,118  억원",코스피 412위,264837258,500원  l  1주,264837258,22866458,8.63%,N/A  l  N/A,"3,185  l  701",N/A  l  -216원,N/A  l  N/A,2.57배  l  606원,,101.57배,+0.31%,,,,,,,
에이프로젠,1555.0,상승  43,+2.84%,1554.0,1555.0,15546732.0,24521.0,7057356.0,2024-05-12,에이프로젠,007460,,,,,,,,,,,,,,,,,"2,712  억원",코스피 543위,18586811,500원  l  1주,18586811,127155,0.68%,N/A  l  N/A,"18,720  l  12,840",75.60배  l  193원,N/A  l  N/A,"1.08배  l  13,556원",,101.57배,+0.31%,1.03%,,,,,,
이연제약,14590.0,상승  390,+2.75%,14550.0,14590.0,20265.0,290.0,12447.0,2024-05-12,이연제약,102460,,,,,,,,,,,,,,,,,941  억원,코스닥 902위,20628000,500원  l  1주,20628000,215629,1.05%,"4.00매수  l  8,000","7,330  l  4,120",N/A  l  -315원,N/A  l  N/A,"2.59배  l  1,761원",,101.57배,+0.31%,,,,,,,
코스맥스엔비티 *,4560.0,상승  110,+2.47%,4560.0,4600.0,117152.0,537.0,54439.0,2024-05-12,코스맥스엔비티,222040,,,,,,,,,,,,,,,,,"2조  6,765  억원",코스닥 12위,23457472,500원  l  1주,23457472,957116,4.08%,N/A  l  N/A,"151,200  l  49,750",N/A  l  -449원,N/A  l  N/A,"11.78배  l  9,689원",,101.57배,+0.31%,,,,,,,
삼천당제약 *,114100.0,"상승  2,500",+2.24%,114100.0,114200.0,573113.0,65257.0,522539.0,2024-05-12,삼천당제약,000250,,,,,,,,,,,,,,,,,355  억원,코스닥 1486위,34298743,500원  l  1주,34298743,224143,0.65%,N/A  l  N/A,"1,551  l  847",N/A  l  -415원,N/A  l  N/A,2.20배  l  469원,,101.57배,+0.31%,,,,,,,
블레이드 Ent *,1034.0,상승  21,+2.07%,1029.0,1034.0,45045.0,46.0,132949.0,2024-05-12,블레이드 Ent,044480,,,,,,,,,,,,,,,,,"2,545  억원",코스닥 339위,11412356,500원  l  1주,11412356,169189,1.48%,N/A  l  N/A,"33,300  l  20,000","N/A  l  -2,692원",N/A  l  N/A,"1.85배  l  12,063원",,101.57배,+0.31%,,,,,,,
코오롱생명과학 *,22300.0,상승  450,+2.06%,22200.0,22300.0,7971.0,176.0,7199.0,2024-05-12,코오롱생명과학,102940,,,,,,,,,,,,,,,,,728  억원,코스닥 1087위,114152276,500원  l  1주,114152276,0,0.00%,N/A  l  N/A,"2,495  l  528",7.97배  l  80원,N/A  l  N/A,"0.25배  l  2,518원",,101.57배,+0.31%,,,,,,,
AP헬스케어 *,638.0,상승  12,+1.92%,636.0,638.0,533449.0,339.0,287257.0,2024-05-12,AP헬스케어,109960,,,,,,,,,,,,,,,,,820  억원,코스닥 1004위,9200224,500원  l  1주,9200224,86268,0.94%,N/A  l  N/A,"9,840  l  5,480",17.78배  l  501원,N/A  l  N/A,"0.80배  l  11,096원",,101.57배,+0.31%,,,,,,,
뉴트리 *,8910.0,상승  160,+1.83%,8900.0,8910.0,17765.0,157.0,16630.0,2024-05-12,뉴트리,270870,7255.0,61.0,58.0,0.84,0.79,,,,,17.0,10992.63,,,,,,"41조  8,458  억원",코스피 8위,216929838,"1,000원  l  1주",216929838,52497462,24.20%,"4.00매수  l  231,818","241,000  l  131,000","53.01배  l  3,639원","79.00배  l  2,453원","2.40배  l  80,331원",,101.57배,+0.31%,0.26%,,,,,,
셀트리온,192900.0,"상승  3,200",+1.69%,192900.0,193000.0,711143.0,137968.0,803653.0,2024-05-12,셀트리온,068270,,,,,,,,,,,,,,,,,"1,431  억원",코스닥 614위,9731373,500원  l  1주,9731373,333673,3.43%,N/A  l  N/A,"19,800  l  12,300",N/A  l  -292원,N/A  l  N/A,"1.11배  l  13,302원",,101.57배,+0.31%,,,,,,,
안트로젠 *,14700.0,상승  240,+1.66%,14620.0,14700.0,13301.0,194.0,11829.0,2024-05-12,안트로젠,065660,1972.0,214.0,184.0,10.83,9.35,,,,,449.0,37.88,,,,,,"7,558  억원",코스닥 97위,44460000,500원  l  1주,44460000,7679635,17.27%,"4.00매수  l  23,333","19,620  l  13,000","16.30배  l  1,043원","12.00배  l  1,413원","1.40배  l  12,177원",,101.57배,+0.31%,1.06%,,,,,,
동국제약 *,17000.0,상승  270,+1.61%,17000.0,17020.0,181647.0,3092.0,44486.0,2024-05-12,동국제약,086450,1078.0,68.0,-12.0,6.36,-1.16,,,,,,,,,,,,7조  325  억원,코스피 57위,78313250,500원  l  1주,78313250,7934461,10.13%,"4.00매수  l  124,000","104,800  l  69,200",N/A  l  -420원,191.00배  l  469원,"24.79배  l  3,622원",,101.57배,+0.31%,,,,,,,
SK바이오팜,89800.0,"상승  1,400",+1.58%,89800.0,89900.0,113434.0,10299.0,91951.0,2024-05-12,SK바이오팜,326030,,,,,,,,,,,,,,,,,636  억원,코스닥 1175위,28310000,100원  l  1주,28310000,205677,0.73%,N/A  l  N/A,"4,584  l  2,090",N/A  l  -391원,N/A  l  N/A,"0.83배  l  2,707원",,101.57배,+0.31%,,,,,,,
프롬바이오 *,2245.0,상승  35,+1.58%,2230.0,2245.0,208814.0,472.0,129796.0,2024-05-12,프롬바이오,377220,,,,,,,,,,,,,,,,,4조  795  억원,코스닥 7위,41585174,500원  l  1주,41585174,3348922,8.05%,N/A  l  N/A,"133,300  l  57,785",191.98배  l  511원,N/A  l  N/A,"10.79배  l  9,095원",,101.57배,+0.31%,,,,,,,
셀트리온제약 *,98100.0,"상승  1,500",+1.55%,98000.0,98100.0,108678.0,10725.0,174407.0,2024-05-12,셀트리온제약,068760,2169.0,174.0,121.0,8.03,5.57,,,,,427.0,91.52,,,,,,1조  723  억원,코스닥 54위,28329891,500원  l  1주,28329891,2561457,9.04%,"4.00매수  l  54,917","47,450  l  27,900","22.79배  l  1,661원","15.00배  l  2,460원","0.89배  l  42,487원",,101.57배,+0.31%,0.93%,,,,,,
HK이노엔 *,37850.0,상승  500,+1.34%,37800.0,37850.0,128436.0,4794.0,155140.0,2024-05-12,HK이노엔,195940,,,,,,,,,,,,,,,,,329  억원,코스닥 1513위,28889293,500원  l  1주,28889293,499523,1.73%,N/A  l  N/A,"2,095  l  1,083",N/A  l  -41원,N/A  l  N/A,"0.98배  l  1,161원",,101.57배,+0.31%,,,,,,,
우진비앤지 *,1138.0,상승  12,+1.07%,1138.0,1139.0,70314.0,80.0,37755.0,2024-05-12,우진비앤지,018620,,,,,,,,,,,,,,,,,512  억원,코스닥 1322위,30979827,500원  l  1주,30979827,190762,0.62%,N/A  l  N/A,"2,410  l  1,570",N/A  l  -339원,N/A  l  N/A,"1.25배  l  1,323원",,101.57배,+0.31%,,,,,,,
조아제약 *,1653.0,상승  16,+0.98%,1653.0,1657.0,33956.0,56.0,15943.0,2024-05-12,조아제약,034940,,,,,,,,,,,,,,,,,663  억원,코스닥 1153위,12016877,500원  l  1주,12016877,125183,1.04%,N/A  l  N/A,"6,900  l  5,350","5.23배  l  1,055원",N/A  l  N/A,"0.66배  l  8,301원",,101.57배,+0.31%,2.72%,,,,,,
진양제약 *,5520.0,상승  50,+0.91%,5510.0,5520.0,15573.0,85.0,5569.0,2024-05-12,진양제약,007370,,,,,,,,,,,,,,,,,782  억원,코스닥 1039위,21836250,100원  l  1주,21836250,199676,0.91%,N/A  l  N/A,"3,820  l  1,710",N/A  l  -126원,N/A  l  N/A,"3.01배  l  1,191원",,101.57배,+0.31%,,,,,,,
에이디엠코리아 *,3580.0,상승  30,+0.85%,3570.0,3580.0,197314.0,697.0,386735.0,2024-05-12,에이디엠코리아,187660,,,,,,,,,,,,,,,,,"1,328  억원",코스피 805위,5485962,"2,500원  l  1주",5485962,75388,1.37%,N/A  l  N/A,"27,500  l  19,050","N/A  l  -4,410원",N/A  l  N/A,"1.08배  l  22,425원",,101.57배,+0.31%,,,,,,,
종근당바이오,24200.0,상승  200,+0.83%,24150.0,24200.0,2438.0,58.0,6099.0,2024-05-12,종근당바이오,063160,,,,,,,,,,,,,,,,,"1,008  억원",코스닥 858위,16153162,500원  l  1주,16153162,498128,3.08%,N/A  l  N/A,"9,550  l  4,465",9.37배  l  666원,N/A  l  N/A,"0.71배  l  8,811원",,101.57배,+0.31%,1.60%,,,,,,
옵투스제약 *,6240.0,상승  50,+0.81%,6220.0,6240.0,108776.0,672.0,105825.0,2024-05-12,옵투스제약,131030,,,,,,,,,,,,,,,,,"1,909  억원",코스닥 468위,18754848,500원  l  1주,18754848,723890,3.86%,"4.00매수  l  18,000","13,880  l  7,470","8.66배  l  1,175원",N/A  l  N/A,"0.90배  l  11,311원",,101.57배,+0.31%,1.97%,,,,,,
노바렉스 *,10180.0,상승  80,+0.79%,10150.0,10180.0,116874.0,1196.0,110555.0,2024-05-12,노바렉스,194700,,,,,,,,,,,,,,,,,"2,113  억원",코스닥 414위,10906701,500원  l  1주,10906701,72874,0.67%,N/A  l  N/A,"29,450  l  15,020","2,421.25배  l  8원",N/A  l  N/A,"3.08배  l  6,288원",,101.57배,+0.31%,0.26%,,,,,,
한국파마 *,19370.0,상승  150,+0.78%,19330.0,19370.0,18158.0,351.0,8726.0,2024-05-12,한국파마,032300,9180.0,2214.0,1719.0,24.12,18.73,,,,,2428.0,321.64,,,,,,56조  139  억원,코스피 4위,71174000,"2,500원  l  1주",71174000,8511828,11.96%,"4.00매수  l  1,015,882","880,000  l  668,000","65.31배  l  12,051원","59.00배  l  13,284원","5.70배  l  138,119원",,101.57배,+0.31%,,,,,,,
삼성바이오로직스,787000.0,"상승  6,000",+0.77%,787000.0,788000.0,39687.0,31308.0,82989.0,2024-05-12,삼성바이오로직스,207940,,,,,,,,,,,,,,,,,886  억원,코스닥 948위,8453556,500원  l  1주,8453556,92855,1.10%,N/A  l  N/A,"32,750  l  8,710","N/A  l  -3,145원",N/A  l  N/A,20.88배  l  502원,,101.57배,+0.31%,,,,,,,
인벤티지랩 *,10480.0,상승  80,+0.77%,10470.0,10480.0,42000.0,437.0,35958.0,2024-05-12,인벤티지랩,389470,,,,,,,,,,,,,,,,,983  억원,코스피 921위,18178525,500원  l  1주,18178525,367084,2.02%,N/A  l  N/A,"7,440  l  5,070",15.41배  l  351원,N/A  l  N/A,"0.43배  l  12,707원",,101.57배,+0.31%,,,,,,,
팜젠사이언스,5410.0,상승  40,+0.74%,5400.0,5410.0,54927.0,296.0,27945.0,2024-05-12,팜젠사이언스,004720,,,,,,,,,,,,,,,,,"4,764  억원",코스닥 157위,31761048,500원  l  1주,31761048,2176203,6.85%,N/A  l  N/A,"18,480  l  7,240",102.04배  l  147원,N/A  l  N/A,"2.56배  l  5,863원",,101.57배,+0.31%,,,,,,,
듀켐바이오,7200.0,상승  50,+0.70%,7100.0,7200.0,2174.0,15488.0,783.0,2024-05-12,듀켐바이오,176750,,,,,,,,,,,,,,,,,"1,969  억원",코스닥 441위,30768766,500원  l  1주,30768766,421979,1.37%,N/A  l  N/A,"8,420  l  6,120",N/A  l  -673원,N/A  l  N/A,"0.76배  l  8,409원",,101.57배,+0.31%,6.25%,,,,,,
바이넥스 *,15000.0,상승  100,+0.67%,15000.0,15030.0,1072271.0,16325.0,765109.0,2024-05-12,바이넥스,053030,,,,,,,,,,,,,,,,,433  억원,코스닥 1408위,88970559,500원  l  1주,88970559,1340675,1.51%,N/A  l  N/A,930  l  322,N/A  l  -2원,N/A  l  N/A,1.38배  l  353원,,101.57배,+0.31%,,,,,,,
HLB사이언스,3020.0,상승  20,+0.67%,3000.0,3020.0,20945.0,62675.0,23858.0,2024-05-12,HLB사이언스,343090,,,,,,,,,,,,,,,,,"5,770  억원",코스닥 124위,17780225,500원  l  1주,17780225,338566,1.90%,N/A  l  N/A,"82,312  l  28,350","N/A  l  -2,307원",N/A  l  N/A,"6.78배  l  4,786원",,101.57배,+0.31%,,,,,,,
플럼라인생명과학,6190.0,상승  40,+0.65%,5840.0,6190.0,51.0,317.0,36.0,2024-05-12,플럼라인생명과학,222670,3421.0,266.0,209.0,7.76,6.11,,,,,983.0,104.99,,,,,,"1조  3,596  억원",코스피 191위,13174420,"2,500원  l  1주",13174420,1841827,13.98%,"4.00매수  l  151,750","136,500  l  69,571","6.40배  l  16,131원","16.00배  l  6,366원","1.61배  l  64,101원",,101.57배,+0.31%,1.02%,,,,,,
경동제약 *,6400.0,상승  40,+0.63%,6390.0,6400.0,22146.0,141.0,252683.0,2024-05-12,경동제약,011040,,,,,,,,,,,,,,,,,794  억원,코스닥 1023위,15327021,500원  l  1주,15327021,134514,0.88%,N/A  l  N/A,"7,480  l  4,965",25.90배  l  200원,N/A  l  N/A,"0.87배  l  5,933원",,101.57배,+0.31%,2.51%,,,,,,
프로젠,6430.0,상승  40,+0.63%,6430.0,6440.0,1974.0,12625.0,1686.0,2024-05-12,프로젠,296160,,,,,,,,,,,,,,,,,809  억원,코스피 989위,17032351,"1,000원  l  1주",17032351,156840,0.92%,N/A  l  N/A,"7,440  l  4,160",N/A  l  -364원,N/A  l  N/A,"0.79배  l  5,976원",,101.57배,+0.31%,,,,,,,
비엘팜텍 *,487.0,상승  3,+0.62%,487.0,488.0,100389.0,49.0,47917.0,2024-05-12,비엘팜텍,065170,,,,,,,,,,,,,,,,,857  억원,코스닥 972위,15170500,500원  l  1주,15170500,237135,1.56%,N/A  l  N/A,"8,540  l  3,860",18.34배  l  308원,N/A  l  N/A,"1.38배  l  4,106원",,101.57배,+0.31%,1.06%,,,,,,
보로노이 *,32450.0,상승  200,+0.62%,32400.0,32450.0,47059.0,1524.0,32838.0,2024-05-12,보로노이,310210,,,,,,,,,,,,,,,,,"7,454  억원",코스피 296위,47028210,500원  l  1주,47028210,3854534,8.20%,N/A  l  N/A,"17,990  l  12,920","N/A  l  -1,093원",N/A  l  N/A,"0.73배  l  21,591원",,101.57배,+0.31%,1.89%,,,,,,
종근당,103200.0,상승  600,+0.58%,102800.0,103200.0,14970.0,1542.0,22690.0,2024-05-12,종근당,185750,,,,,,,,,,,,,,,,,36  억원,코스피 2147위,325560,"1,000원  l  1주",325560,528,0.16%,N/A  l  N/A,"21,400  l  9,150",N/A  l  -364원,N/A  l  N/A,"1.87배  l  5,976원",,101.57배,+0.31%,,,,,,,
알리코제약 *,5180.0,상승  30,+0.58%,5150.0,5180.0,4868.0,25.0,13265.0,2024-05-12,알리코제약,260660,,,,,,,,,,,,,,,,,989  억원,코스닥 877위,14669958,500원  l  1주,14669958,36422,0.25%,N/A  l  N/A,"9,680  l  6,110",N/A  l  -166원,N/A  l  N/A,"3.93배  l  1,714원",,101.57배,+0.31%,,,,,,,
유유제약,4750.0,상승  25,+0.53%,4730.0,4750.0,32989.0,155.0,24170.0,2024-05-12,유유제약,000220,3701.0,33.0,48.0,0.9,1.31,,,,,205.0,544.88,,,,,,"1조  3,393  억원",코스피 195위,11686538,"5,000원  l  1주",11686538,2175597,18.62%,"4.00매수  l  144,667","131,100  l  93,000","N/A  l  -2,279원","75.00배  l  1,537원","1.01배  l  113,924원",,101.57배,+0.31%,1.31%,,,,,,
신신제약 *,5650.0,상승  30,+0.53%,5650.0,5660.0,106217.0,605.0,42797.0,2024-05-12,신신제약,002800,,,,,,,,,,,,,,,,,"1조  1,384  억원",코스피 225위,58141980,500원  l  1주,58141980,3378656,5.81%,N/A  l  N/A,"27,100  l  11,460","7.46배  l  2,626원",N/A  l  N/A,"0.86배  l  22,861원",,101.57배,+0.31%,0.51%,,,,,,
녹십자홀딩스,15850.0,상승  80,+0.51%,15800.0,15850.0,21938.0,347.0,32853.0,2024-05-12,녹십자홀딩스,005250,,,,,,,,,,,,,,,,,114  억원,코스피 1730위,2266930,"1,000원  l  1주",2266930,12815,0.57%,N/A  l  N/A,"11,020  l  4,010",N/A  l  -364원,N/A  l  N/A,"0.84배  l  5,976원",,101.57배,+0.31%,,,,,,,
유유제약2우B,11150.0,상승  50,+0.45%,11060.0,11150.0,558.0,6.0,691.0,2024-05-12,유유제약2우B,000227,,,,,,,,,,,,,,,,,"1,001  억원",코스닥 869위,23709280,500원  l  1주,23709280,12033828,50.76%,N/A  l  N/A,"9,750  l  2,610",26.71배  l  158원,N/A  l  N/A,"1.82배  l  2,316원",,101.57배,+0.31%,,,,,,,
옵티팜 *,6740.0,상승  30,+0.45%,6730.0,6740.0,9391.0,63.0,15212.0,2024-05-12,옵티팜,153710,1896.0,253.0,172.0,13.35,9.07,,,,,717.0,42.62,,,,,,101  억원,코스피 1810위,341951,"2,500원  l  1주",341951,68,0.02%,"4.00매수  l  44,750","35,900  l  28,250","19.78배  l  1,486원","10.00배  l  2,955원","2.72배  l  10,789원",,101.57배,+0.31%,1.44%,,,,,,
녹십자,114600.0,상승  500,+0.44%,114600.0,114800.0,7370.0,846.0,20853.0,2024-05-12,녹십자,006280,,,,,,,,,,,,,,,,,"1,926  억원",코스피 665위,20871467,500원  l  1주,20871467,889735,4.26%,N/A  l  N/A,"12,650  l  5,690",83.91배  l  110원,N/A  l  N/A,"1.04배  l  8,838원",,101.57배,+0.31%,,,,,,,
대웅,19580.0,상승  80,+0.41%,19480.0,19580.0,32211.0,635.0,34175.0,2024-05-12,대웅,003090,4647.0,144.0,233.0,3.1,5.01,,,,,324.0,218.89,,,,,,731  억원,코스피 1022위,1180940,"1,000원  l  1주",1180940,4324,0.37%,"4.00매수  l  92,000","73,400  l  52,400","37.02배  l  1,672원","32.00배  l  1,905원","2.26배  l  27,356원",,101.57배,+0.31%,0.74%,,,,,,
유유제약1우,5020.0,상승  20,+0.40%,4990.0,5020.0,3151.0,15.0,2037.0,2024-05-12,유유제약1우,000225,,,,,,,,,,,,,,,,,551  억원,코스닥 1265위,8892384,200원  l  1주,8892384,21345,0.24%,N/A  l  N/A,"7,520  l  5,600",20.95배  l  296원,N/A  l  N/A,"0.64배  l  9,675원",,101.57배,+0.31%,1.61%,,,,,,
드림씨아이에스 *,4220.0,상승  15,+0.36%,4215.0,4220.0,605510.0,2533.0,9511647.0,2024-05-12,드림씨아이에스,223250,,,,,,,,,,,,,,,,,"1,053  억원",코스피 899위,21159832,"1,000원  l  1주",21159832,929806,4.39%,N/A  l  N/A,"8,120  l  3,530",N/A  l  -398원,N/A  l  N/A,"1.19배  l  4,194원",,101.57배,+0.31%,,,,,,,
JW중외제약우,29400.0,상승  100,+0.34%,29000.0,29400.0,204.0,5.0,299.0,2024-05-12,JW중외제약우,001065,,,,,,,,,,,,,,,,,853  억원,코스닥 974위,11986415,500원  l  1주,11986415,160874,1.34%,N/A  l  N/A,"8,380  l  6,280","6.26배  l  1,138원",N/A  l  N/A,"0.61배  l  11,670원",,101.57배,+0.31%,2.39%,,,,,,
삼일제약,9230.0,상승  30,+0.33%,9220.0,9230.0,300135.0,2764.0,268546.0,2024-05-12,삼일제약,000520,,,,,,,,,,,,,,,,,"1,083  억원",코스닥 802위,66532826,500원  l  1주,66532826,777803,1.17%,N/A  l  N/A,"2,410  l  1,550",28.07배  l  58원,N/A  l  N/A,"0.60배  l  2,718원",,101.57배,+0.31%,,,,,,,
파마리서치바이오,30400.0,상승  100,+0.33%,30000.0,30400.0,1902.0,57706.0,1862.0,2024-05-12,파마리서치바이오,217950,,,,,,,,,,,,,,,,,"2,570  억원",코스피 561위,14704872,500원  l  1주,14704872,375158,2.55%,N/A  l  N/A,"21,150  l  14,540",51.41배  l  340원,N/A  l  N/A,"1.61배  l  10,882원",,101.57배,+0.31%,0.29%,,,,,,
유한양행우,61900.0,상승  200,+0.32%,61500.0,61900.0,1674.0,102.0,294.0,2024-05-12,유한양행우,000105,,,,,,,,,,,,,,,,,"2,661  억원",코스피 550위,19085664,"2,500원  l  1주",19085664,1150201,6.03%,N/A  l  N/A,"18,100  l  13,130",N/A  l  -130원,N/A  l  N/A,"1.13배  l  12,323원",,101.57배,+0.31%,1.08%,,,,,,
비씨월드제약 *,6200.0,상승  20,+0.32%,6170.0,6200.0,2721.0,17.0,3961.0,2024-05-12,비씨월드제약,200780,,,,,,,,,,,,,,,,,562  억원,코스닥 1251위,24383808,500원  l  1주,24383808,72095,0.30%,N/A  l  N/A,"8,640  l  2,050","N/A  l  -1,682원",N/A  l  N/A,3.16배  l  730원,,101.57배,+0.31%,,,,,,,
국제약품,4975.0,상승  15,+0.30%,4970.0,4975.0,104933.0,522.0,143793.0,2024-05-12,국제약품,002720,,,,,,,,,,,,,,,,,"2,637  억원",코스피 552위,13300000,"1,000원  l  1주",13300000,136402,1.03%,N/A  l  N/A,"29,000  l  18,310","N/A  l  -1,575원",N/A  l  N/A,"0.35배  l  56,158원",,101.57배,+0.31%,7.56%,,,,,,
신일제약 *,7120.0,상승  20,+0.28%,7110.0,7120.0,17556.0,124.0,14655.0,2024-05-12,신일제약,012790,,,,,,,,,,,,,,,,,"1,340  억원",코스닥 649위,22298866,500원  l  1주,22298866,440218,1.97%,N/A  l  N/A,"13,330  l  4,935",N/A  l  -842원,N/A  l  N/A,"2.58배  l  2,328원",,101.57배,+0.31%,,,,,,,
화일약품 *,1628.0,상승  4,+0.25%,1627.0,1628.0,53708.0,87.0,79060.0,2024-05-12,화일약품,061250,,,,,,,,,,,,,,,,,"4조  6,020  억원",코스피 86위,76827750,500원  l  1주,76827750,5353004,6.97%,"3.00중립  l  61,250","88,600  l  56,700",205.84배  l  291원,-87.00배  l  -685원,"2.70배  l  22,178원",,101.57배,+0.31%,,,,,,,
퓨쳐메디신,4000.0,상승  10,+0.25%,3950.0,4070.0,8254.0,33128.0,836.0,2024-05-12,퓨쳐메디신,341170,4647.0,144.0,233.0,3.1,5.01,,,,,324.0,218.89,,,,,,"5조  7,430  억원",코스피 64위,80209064,"1,000원  l  1주",80209064,16313364,20.34%,"4.00매수  l  92,000","84,605  l  52,543","42.82배  l  1,672원","38.00배  l  1,905원","2.62배  l  27,356원",,101.57배,+0.31%,0.60%,,,,,,
제일약품,17480.0,상승  40,+0.23%,17470.0,17480.0,21183.0,370.0,29694.0,2024-05-12,제일약품,271980,,,,,,,,,,,,,,,,,"2,909  억원",코스닥 296위,70604464,100원  l  1주,70604464,3188351,4.52%,N/A  l  N/A,"7,656  l  3,735",N/A  l  -56원,N/A  l  N/A,5.13배  l  803원,,101.57배,+0.31%,,,,,,,
일양약품,13940.0,상승  30,+0.22%,13920.0,13940.0,31300.0,435.0,9284.0,2024-05-12,일양약품,007570,,,,,,,,,,,,,,,,,945  억원,코스닥 898위,115994921,100원  l  1주,115994921,3199986,2.76%,N/A  l  N/A,"1,280  l  625",6.57배  l  124원,N/A  l  N/A,0.90배  l  901원,,101.57배,+0.31%,,,,,,,
브릿지바이오테라퓨틱스 *,2305.0,상승  5,+0.22%,2295.0,2305.0,171156.0,392.0,248890.0,2024-05-12,브릿지바이오테라퓨틱스,288330,,,,,,,,,,,,,,,,,436  억원,코스닥 1402위,35593402,500원  l  1주,35593402,671833,1.89%,N/A  l  N/A,"2,515  l  1,135",N/A  l  -592원,N/A  l  N/A,"0.55배  l  2,230원",,101.57배,+0.31%,,,,,,,
일성아이에스,19830.0,상승  40,+0.20%,19800.0,19830.0,5382.0,106.0,5713.0,2024-05-12,일성아이에스,003120,,,,,,,,,,,,,,,,,"3,679  억원",코스닥 222위,22993200,500원  l  1주,22993200,1470758,6.40%,N/A  l  N/A,"44,498  l  14,350",N/A  l  -499원,N/A  l  N/A,"4.41배  l  3,631원",,101.57배,+0.31%,,,,,,,
안지오랩,5800.0,상승  10,+0.17%,5770.0,5800.0,1756.0,10131.0,890.0,2024-05-12,안지오랩,251280,,,,,,,,,,,,,,,,,"1,021  억원",코스피 907위,11540400,"1,000원  l  1주",11540400,130193,1.13%,N/A  l  N/A,"16,790  l  8,200","N/A  l  -5,163원",N/A  l  N/A,"2.57배  l  3,450원",,101.57배,+0.31%,1.13%,,,,,,
압타바이오 *,6010.0,상승  10,+0.17%,6010.0,6020.0,30049.0,182.0,32184.0,2024-05-12,압타바이오,293780,,,,,,,,,,,,,,,,,226  억원,코스피 1441위,845990,500원  l  1주,845990,471,0.06%,N/A  l  N/A,"44,600  l  26,050","N/A  l  -1,093원",N/A  l  N/A,"1.24배  l  21,591원",,101.57배,+0.31%,1.12%,,,,,,
SK바이오사이언스,59900.0,상승  100,+0.17%,59900.0,60000.0,42194.0,2529.0,92371.0,2024-05-12,SK바이오사이언스,302440,,,,,,,,,,,,,,,,,"2,756  억원",코스피 534위,13900000,"1,000원  l  1주",13900000,255543,1.84%,"4.00매수  l  31,000","25,000  l  19,370","14.58배  l  1,360원",N/A  l  N/A,"0.95배  l  20,772원",,101.57배,+0.31%,4.03%,,,,,,
유한양행,71600.0,상승  100,+0.14%,71600.0,71700.0,202462.0,14574.0,218010.0,2024-05-12,유한양행,000100,,,,,,,,,,,,,,,,,"2,591  억원",코스피 558위,11569113,500원  l  1주,11569113,994080,8.59%,N/A  l  N/A,"32,150  l  20,700",42.34배  l  529원,N/A  l  N/A,"0.59배  l  38,283원",,101.57배,+0.31%,0.45%,,,,,,
코미팜 *,4120.0,상승  5,+0.12%,4120.0,4125.0,42023.0,173.0,84627.0,2024-05-12,코미팜,041960,,,,,,,,,,,,,,,,,"1,716  억원",코스닥 531위,6000000,500원  l  1주,6000000,1033931,17.23%,N/A  l  N/A,"29,650  l  25,500","6.04배  l  4,738원",N/A  l  N/A,"0.68배  l  42,172원",,101.57배,+0.31%,2.62%,,,,,,
텔콘RF제약 *,815.0,상승  1,+0.12%,814.0,815.0,226671.0,184.0,491011.0,2024-05-12,텔콘RF제약,200230,,,,,,,,,,,,,,,,,606  억원,코스닥 1201위,29129064,500원  l  1주,29129064,672086,2.31%,N/A  l  N/A,"2,605  l  1,555",N/A  l  -50원,N/A  l  N/A,"1.81배  l  1,150원",,101.57배,+0.31%,,,,,,,
경남제약 *,1225.0,상승  1,+0.08%,1224.0,1225.0,154578.0,190.0,109747.0,2024-05-12,경남제약,053950,,,,,,,,,,,,,,,,,288  억원,코스닥 1554위,74163194,500원  l  1주,74163194,192775,0.26%,N/A  l  N/A,"1,055  l  352",N/A  l  -284원,N/A  l  N/A,"0.38배  l  1,019원",,101.57배,+0.31%,,,,,,,
박셀바이오 *,16000.0,상승  10,+0.06%,16000.0,16010.0,60093.0,963.0,96590.0,2024-05-12,박셀바이오,323990,136.0,14.0,-48.0,10.26,-35.16,,,,,-139.0,-50.99,,,,,,"2,454  억원",코스닥 360위,35305182,500원  l  1주,35305182,975235,2.76%,"4.00매수  l  8,000","8,410  l  5,250",64.35배  l  108원,N/A  l  N/A,"3.12배  l  2,230원",,101.57배,+0.31%,,,,,,,
일동홀딩스,8850.0,보합0,0.00%,8800.0,8850.0,9209.0,81.0,11091.0,2024-05-12,일동홀딩스,000230,,,,,,,,,,,,,,,,,"1,779  억원",코스피 699위,23906860,500원  l  1주,23906860,388671,1.63%,N/A  l  N/A,"10,950  l  6,060",60.00배  l  124원,N/A  l  N/A,"1.23배  l  6,039원",,101.57배,+0.31%,0.67%,,,,,,
녹십자홀딩스2우,26750.0,보합0,0.00%,26800.0,26850.0,39.0,1.0,30.0,2024-05-12,녹십자홀딩스2우,005257,,,,,,,,,,,,,,,,,755  억원,코스닥 1063위,5392115,500원  l  1주,5392115,12051,0.22%,N/A  l  N/A,"22,800  l  11,300",N/A  l  -255원,N/A  l  N/A,"0.70배  l  20,110원",,101.57배,+0.31%,,,,,,,
삼진제약,19830.0,보합0,0.00%,19820.0,19830.0,8329.0,164.0,8692.0,2024-05-12,삼진제약,005500,,,,,,,,,,,,,,,,,364  억원,코스닥 1474위,7674103,500원  l  1주,7674103,18474,0.24%,N/A  l  N/A,"11,320  l  3,955",23.24배  l  204원,N/A  l  N/A,"2.70배  l  1,755원",,101.57배,+0.31%,,1.05%,,,,,
서흥,22400.0,보합0,0.00%,22400.0,22500.0,4266.0,95.0,5302.0,2024-05-12,서흥,008490,,,,,,,,,,,,,,,,,"1,075  억원",코스닥 811위,14974158,500원  l  1주,14974158,216356,1.44%,N/A  l  N/A,"19,520  l  6,550","N/A  l  -2,971원",N/A  l  N/A,"1.86배  l  3,862원",,101.57배,+0.31%,,,,,,,
대한약품 *,28600.0,보합0,0.00%,28550.0,28600.0,2439.0,70.0,3113.0,2024-05-12,대한약품,023910,,,,,,,,,,,,,,,,,"2,525  억원",코스닥 346위,61501469,500원  l  1주,61501469,23547600,38.29%,N/A  l  N/A,"5,550  l  3,850",N/A  l  -434원,N/A  l  N/A,"2.74배  l  1,496원",,105.40배,+0.31%,,,,,,,
제일바이오 *,2080.0,보합0,0.00%,0.0,0.0,0.0,0.0,0.0,2024-05-12,제일바이오,052670,,,,,,,,,,,,,,,,,314  억원,코스닥 1525위,288232166,0.05 USD  l  1주,288232166,0,0.00%,N/A  l  N/A,203  l  107,1.20배  l  91원,N/A  l  N/A,"0.07배  l  1,504원",,105.40배,+0.31%,,,,,,,
제넨바이오 *,389.0,보합0,0.00%,0.0,0.0,0.0,0.0,0.0,2024-05-12,제넨바이오,072520,,,,,,,,,,,,,,,,,447  억원,코스닥 1389위,23071031,500원  l  1주,23071031,83688,0.36%,N/A  l  N/A,"6,420  l  1,801",N/A  l  -541원,N/A  l  N/A,2.35배  l  823원,,101.57배,+0.31%,,,,,,,
이수앱지스 *,6950.0,보합0,0.00%,6950.0,6970.0,51697.0,360.0,96936.0,2024-05-12,이수앱지스,086890,,,,,,,,,,,,,,,,,69  억원,코스피 1989위,445080,"2,500원  l  1주",445080,1168,0.26%,N/A  l  N/A,"19,400  l  14,350",N/A  l  -130원,N/A  l  N/A,"1.26배  l  12,323원",,101.57배,+0.31%,1.13%,,,,,,
경보제약,7440.0,보합0,0.00%,0.0,0.0,0.0,0.0,0.0,2024-05-12,경보제약,214390,,,,,,,,,,,,,,,,,"1,016  억원",코스닥 855위,6370000,"1,000원  l  1주",6370000,103449,1.62%,N/A  l  N/A,"19,770  l  15,220","4.75배  l  3,355원",N/A  l  N/A,"0.49배  l  32,846원",,101.57배,+0.31%,4.70%,,,,,,
노브메타파마,20500.0,보합0,0.00%,0.0,0.0,0.0,0.0,0.0,2024-05-12,노브메타파마,229500,,,,,,,,,,,,,,,,,940  억원,코스닥 904위,76699394,100원  l  1주,76699394,233052,0.30%,N/A  l  N/A,"1,830  l  705",N/A  l  -60원,N/A  l  N/A,6.22배  l  197원,,101.57배,+0.31%,,,,,,,
에이치엘사이언스 *,14000.0,보합0,0.00%,14000.0,14100.0,2761.0,39.0,2697.0,2024-05-12,에이치엘사이언스,239610,3981.0,668.0,510.0,16.77,12.81,,,,,3055.0,101.63,,,,,,4조  803  억원,코스피 99위,12810991,"2,500원  l  1주",12810991,2313307,18.06%,"4.00매수  l  414,667","377,000  l  256,565","27.90배  l  11,415원","24.00배  l  13,387원","4.23배  l  75,288원",,101.57배,+0.31%,0.15%,,,,,,
에스엘에스바이오 *,4740.0,보합0,0.00%,4700.0,4740.0,7134.0,34.0,3445.0,2024-05-12,에스엘에스바이오,246250,,,,,,,,,,,,,,,,,691  억원,코스닥 1121위,37558368,500원  l  1주,37558368,379670,1.01%,N/A  l  N/A,"3,595  l  1,775",N/A  l  -837원,N/A  l  N/A,"1.18배  l  1,558원",,101.57배,+0.31%,,,,,,,
지놈앤컴퍼니 *,7180.0,보합0,0.00%,7180.0,7190.0,54199.0,386.0,84291.0,2024-05-12,지놈앤컴퍼니,314130,,,,,,,,,,,,,,,,,"1,601  억원",코스피 728위,94162079,500원  l  1주,94162079,4967492,5.28%,N/A  l  N/A,"3,789  l  1,593",N/A  l  -333원,N/A  l  N/A,"1.63배  l  1,043원",,101.57배,+0.31%,,,,,,,
프레스티지바이오로직스 *,4105.0,보합0,0.00%,4100.0,4105.0,86062.0,354.0,55629.0,2024-05-12,프레스티지바이오로직스,334970,,,,,,,,,,,,,,,,,"1,052  억원",코스닥 823위,9658687,500원  l  1주,9658687,227575,2.36%,N/A  l  N/A,"17,090  l  9,960",18.06배  l  603원,N/A  l  N/A,"1.05배  l  10,333원",,101.57배,+0.31%,1.38%,,,,,,
바스칸바이오제약,7380.0,보합0,0.00%,7000.0,7380.0,0.0,0.0,0.0,2024-05-12,바스칸바이오제약,354390,,,,,,,,,,,,,,,,,661  억원,코스닥 1155위,12641883,500원  l  1주,12641883,52842,0.42%,N/A  l  N/A,"7,750  l  4,800",22.26배  l  235원,N/A  l  N/A,"1.42배  l  3,694원",,101.57배,+0.31%,0.76%,,,,,,
카이바이오텍,6340.0,보합0,0.00%,5400.0,0.0,0.0,0.0,0.0,2024-05-12,카이바이오텍,446600,,,,,,,,,,,,,,,,,440  억원,코스닥 1397위,8180000,500원  l  1주,8180000,106299,1.30%,N/A  l  N/A,"9,390  l  4,815",40.76배  l  132원,N/A  l  N/A,"0.85배  l  6,321원",,101.57배,+0.31%,,,,,,,
씨엑스아이 *,109.0,보합0,0.00%,108.0,109.0,735749.0,80.0,811793.0,2024-05-12,씨엑스아이,900120,,,,,,,,,,,,,,,,,"1,892  억원",코스피 673위,13763533,500원  l  1주,13763533,304448,2.21%,N/A  l  N/A,"15,460  l  11,480","N/A  l  -2,092원",N/A  l  N/A,"0.56배  l  24,611원",,101.57배,+0.31%,2.18%,,,,,,
샤페론 *,1937.0,하락  1,-0.05%,1937.0,1938.0,133171.0,259.0,186249.0,2024-05-12,샤페론,378800,,,,,,,,,,,,,,,,,787  억원,코스닥 1034위,8666361,500원  l  1주,8666361,14060,0.16%,N/A  l  N/A,"12,400  l  7,190",14.44배  l  629원,N/A  l  N/A,"0.76배  l  11,878원",,101.57배,+0.31%,0.55%,,,,,,
일양약품우,15490.0,하락  10,-0.06%,15290.0,15490.0,186.0,2.0,3.0,2024-05-12,일양약품우,007575,,,,,,,,,,,,,,,,,"1,167  억원",코스닥 746위,27255390,500원  l  1주,27255390,304595,1.12%,N/A  l  N/A,"8,392  l  2,135","N/A  l  -1,043원",N/A  l  N/A,"2.58배  l  1,656원",,101.57배,+0.31%,,,,,,,
삼아제약 *,15950.0,하락  10,-0.06%,15940.0,15950.0,9356.0,149.0,6844.0,2024-05-12,삼아제약,009300,,,,,,,,,,,,,,,,,"3,868  억원",코스피 428위,182892731,500원  l  1주,182892731,5303270,2.90%,N/A  l  N/A,"2,995  l  1,960",N/A  l  -21원,N/A  l  N/A,4.32배  l  490원,,101.57배,+0.31%,,,,,,,
지엘팜텍 *,1225.0,하락  1,-0.08%,1223.0,1225.0,80658.0,99.0,56752.0,2024-05-12,지엘팜텍,204840,,,,,,,,,,,,,,,,,"1,299  억원",코스닥 673위,32474435,500원  l  1주,32474435,818680,2.52%,N/A  l  N/A,"5,530  l  3,730",4.96배  l  807원,N/A  l  N/A,"0.94배  l  4,240원",,101.57배,+0.31%,,,,,,,
한미약품,318500.0,하락  500,-0.16%,318500.0,319000.0,19374.0,6215.0,28475.0,2024-05-12,한미약품,128940,,,,,,,,,,,,,,,,,582  억원,코스닥 1229위,30027963,100원  l  1주,30027963,176762,0.59%,N/A  l  N/A,"2,645  l  1,750",20.18배  l  96원,N/A  l  N/A,"1.45배  l  1,339원",,101.57배,+0.31%,,,,,,,
아이큐어 *,1840.0,하락  3,-0.16%,1840.0,1848.0,44426.0,82.0,42624.0,2024-05-12,아이큐어,175250,,,,,,,,,,,,,,,,,"3,554  억원",코스피 460위,52420851,"1,000원  l  1주",52420851,10060062,19.19%,N/A  l  N/A,"8,500  l  5,770",9.62배  l  705원,N/A  l  N/A,"0.50배  l  13,588원",,101.57배,+0.31%,1.48%,,,,,,
삼성제약,1700.0,하락  3,-0.18%,1699.0,1700.0,181470.0,308.0,116178.0,2024-05-12,삼성제약,001360,,,,,,,,,,,,,,,,,"1,311  억원",코스닥 664위,26816748,500원  l  1주,26816748,0,0.00%,N/A  l  N/A,"7,660  l  4,100",N/A  l  -66원,N/A  l  N/A,"3.69배  l  1,325원",,101.57배,+0.31%,,,,,,,
중앙백신 *,10890.0,하락  20,-0.18%,10880.0,10890.0,37904.0,412.0,19723.0,2024-05-12,중앙백신,072020,,,,,,,,,,,,,,,,,515  억원,코스닥 1318위,7929338,500원  l  1주,7929338,25278,0.32%,N/A  l  N/A,"10,380  l  6,420",15.59배  l  417원,N/A  l  N/A,"0.79배  l  8,248원",,101.57배,+0.31%,1.54%,,,,,,
이글벳 *,5230.0,하락  10,-0.19%,5220.0,5230.0,43589.0,228.0,35279.0,2024-05-12,이글벳,044960,,,,,,,,,,,,,,,,,"2,214  억원",코스피 611위,73924942,500원  l  1주,73924942,1478296,2.00%,N/A  l  N/A,"4,398  l  2,880",11.65배  l  257원,N/A  l  N/A,"1.75배  l  1,716원",,101.57배,+0.31%,3.44%,,,,,,
비피도 *,5380.0,하락  10,-0.19%,5370.0,5380.0,22851.0,122.0,14352.0,2024-05-12,비피도,238200,,,,,,,,,,,,,,,,,"2,413  억원",코스피 586위,27931470,"1,000원  l  1주",27931470,1505728,5.39%,N/A  l  N/A,"11,120  l  8,340",8.80배  l  982원,N/A  l  N/A,"0.64배  l  13,413원",,101.57배,+0.31%,2.08%,,,,,,
한독,13750.0,하락  30,-0.22%,13750.0,13770.0,3678.0,50.0,12433.0,2024-05-12,한독,002390,,,,,,,,,,,,,,,,,"1,388  억원",코스닥 632위,48211715,"2,500원  l  1주",48211715,22973,0.05%,N/A  l  N/A,"4,620  l  2,395",N/A  l  -70원,N/A  l  N/A,"1.31배  l  2,205원",,101.57배,+0.31%,,,,,,,
알피바이오 *,9080.0,하락  20,-0.22%,9050.0,9080.0,17998.0,162.0,12484.0,2024-05-12,알피바이오,314140,,,,,,,,,,,,,,,,,337  억원,코스닥 1506위,8610587,500원  l  1주,8610587,325238,3.78%,N/A  l  N/A,"5,430  l  3,775",13.01배  l  301원,N/A  l  N/A,"0.70배  l  5,610원",,101.57배,+0.31%,,,,,,,
큐리언트 *,4280.0,하락  10,-0.23%,4245.0,4280.0,57317.0,244.0,47331.0,2024-05-12,큐리언트,115180,,,,,,,,,,,,,,,,,"1,208  억원",코스피 843위,32000000,500원  l  1주,32000000,486175,1.52%,N/A  l  N/A,"5,240  l  3,510",,N/A  l  N/A,,,105.40배,+0.31%,,,25.34배  l  149원,"1.19배  l  3,182원",0.93%,,
영진약품,2115.0,하락  5,-0.24%,2115.0,2120.0,301134.0,643.0,99441.0,2024-05-12,영진약품,003520,,,,,,,,,,,,,,,,,"3,985  억원",코스피 419위,16333822,500원  l  1주,16333822,1148490,7.03%,N/A  l  N/A,"30,600  l  21,500","8.21배  l  2,971원",N/A  l  N/A,"0.94배  l  25,898원",,101.57배,+0.31%,1.72%,,,,,,
테라젠이텍스 *,4000.0,하락  10,-0.25%,3995.0,4000.0,31174.0,125.0,24595.0,2024-05-12,테라젠이텍스,066700,611.0,76.0,80.0,12.44,13.09,,,,,,,,,,,,"2,671  억원",코스피 549위,18600070,500원  l  1주,18600070,2061266,11.08%,"4.00매수  l  20,000","16,270  l  12,410","8.97배  l  1,601원",N/A  l  N/A,"0.61배  l  23,463원",,101.57배,+0.31%,2.09%,,,,,,
더블유에스아이 *,1937.0,하락  5,-0.26%,1930.0,1937.0,20982.0,40.0,28989.0,2024-05-12,더블유에스아이,299170,,,,,,,,,,,,,,,,,"1,797  억원",코스피 693위,15973355,500원  l  1주,15973355,1555936,9.74%,N/A  l  N/A,"16,000  l  9,250","N/A  l  -1,017원",N/A  l  N/A,"0.54배  l  20,810원",,101.57배,+0.31%,0.44%,,,,,,
광동제약,6780.0,하락  20,-0.29%,6780.0,6800.0,65877.0,447.0,59624.0,2024-05-12,광동제약,009290,,,,,,,,,,,,,,,,,399  억원,코스닥 1443위,11659319,500원  l  1주,11659319,78407,0.67%,N/A  l  N/A,"4,565  l  3,230",11.34배  l  302원,N/A  l  N/A,"1.04배  l  3,308원",,101.57배,+0.31%,,,,,,,
차백신연구소 *,4890.0,하락  15,-0.31%,4885.0,4890.0,79737.0,391.0,109611.0,2024-05-12,차백신연구소,261780,,,,,,,,,,,,,,,,,713  억원,코스피 1030위,33953454,500원  l  1주,33953454,268434,0.79%,N/A  l  N/A,"2,765  l  1,962",N/A  l  -133원,N/A  l  N/A,"0.84배  l  2,489원",,101.57배,+0.31%,,,,,,,
팜스빌 *,6500.0,하락  20,-0.31%,6490.0,6500.0,9713.0,63.0,9640.0,2024-05-12,팜스빌,318010,,,,,,,,,,,,,,,,,935  억원,코스닥 907위,50841502,500원  l  1주,50841502,413106,0.81%,N/A  l  N/A,"3,134  l  1,705",N/A  l  -735원,N/A  l  N/A,5.56배  l  331원,,101.57배,+0.31%,,,,,,,
JW홀딩스,2995.0,하락  10,-0.33%,2985.0,2995.0,36275.0,108.0,18835.0,2024-05-12,JW홀딩스,096760,,,,,,,,,,,,,,,,,"2,646  억원",코스닥 326위,22102155,500원  l  1주,22102155,860104,3.89%,N/A  l  N/A,"15,530  l  7,100",N/A  l  -304원,N/A  l  N/A,"4.15배  l  2,886원",,101.57배,+0.31%,,,,,,,
동화약품,8640.0,하락  30,-0.35%,8640.0,8650.0,38317.0,331.0,36197.0,2024-05-12,동화약품,000020,,,,,,,,,,,,,,,,,"4,820  억원",코스피 380위,60096155,,60096155,37932118,63.12%,N/A  l  N/A,"14,920  l  7,850",N/A  l  -766원,N/A  l  N/A,"1.14배  l  7,028원",,105.40배,+0.31%,,,,,,,
비보존 제약 *,2880.0,하락  10,-0.35%,2870.0,2880.0,59832.0,171.0,32140.0,2024-05-12,비보존 제약,082800,1896.0,253.0,172.0,13.35,9.07,,,,,717.0,42.62,,,,,,124  억원,코스피 1697위,209973,"2,500원  l  1주",209973,319,0.15%,"4.00매수  l  44,750","66,100  l  56,900","39.70배  l  1,486원","20.00배  l  2,955원","5.47배  l  10,789원",,101.57배,+0.31%,0.67%,,,,,,
진바이오텍 *,3915.0,하락  15,-0.38%,3915.0,3935.0,20399.0,80.0,11119.0,2024-05-12,진바이오텍,086060,,,,,,,,,,,,,,,,,996  억원,코스닥 873위,13042420,500원  l  1주,13042420,506083,3.88%,N/A  l  N/A,"10,510  l  7,150",77.17배  l  99원,N/A  l  N/A,"0.57배  l  13,382원",,101.57배,+0.31%,2.88%,,,,,,
현대약품,3775.0,하락  15,-0.40%,3775.0,3785.0,18536.0,70.0,20775.0,2024-05-12,현대약품,004310,558.0,70.0,56.0,12.54,10.04,,,,,315.0,42.05,,,,,,"2,355  억원",코스피 593위,17772946,500원  l  1주,17772946,0,0.00%,"4.00매수  l  20,000","15,100  l  13,090","10.54배  l  1,257원",N/A  l  N/A,"0.82배  l  16,069원",,101.57배,+0.31%,,,,,,3.85%,
유나이티드제약,24400.0,하락  100,-0.41%,24350.0,24400.0,30822.0,753.0,22317.0,2024-05-12,유나이티드제약,033270,,,,,,,,,,,,,,,,,240  억원,코스닥 1598위,9140444,500원  l  1주,9140444,267788,2.93%,N/A  l  N/A,"5,680  l  2,390",N/A  l  -313원,N/A  l  N/A,"1.79배  l  1,465원",,101.57배,+0.31%,,,,,,,
환인제약,14360.0,하락  60,-0.42%,14360.0,14400.0,4136.0,59.0,5560.0,2024-05-12,환인제약,016580,,,,,,,,,,,,,,,,,"5,760  억원",코스피 348위,8834970,"5,000원  l  1주",8834970,1835573,20.78%,"4.00매수  l  86,273","88,000  l  47,774","51.50배  l  1,266원","30.00배  l  2,138원","0.85배  l  76,420원",,101.57배,+0.31%,1.05%,,,,,,
제일파마홀딩스,11250.0,하락  50,-0.44%,11250.0,11270.0,9990.0,112.0,11501.0,2024-05-12,제일파마홀딩스,002620,,,,,,,,,,,,,,,,,"1,148  억원",코스닥 761위,14354920,500원  l  1주,14354920,0,0.00%,N/A  l  N/A,"10,410  l  7,670",9.15배  l  874원,N/A  l  N/A,"1.03배  l  7,791원",,101.57배,+0.31%,1.25%,,,,,,
서울제약 *,3425.0,하락  15,-0.44%,3400.0,3425.0,5910.0,20.0,4752.0,2024-05-12,서울제약,018680,,,,,,,,,,,,,,,,,"3,708  억원",코스닥 221위,57930864,500원  l  1주,57930864,921518,1.59%,N/A  l  N/A,"9,090  l  6,070",15.20배  l  421원,N/A  l  N/A,"3.00배  l  2,132원",,101.57배,+0.31%,1.09%,,,,,,
명문제약,2100.0,하락  10,-0.47%,2090.0,2100.0,13985.0,29.0,17027.0,2024-05-12,명문제약,017180,,,,,,,,,,,,,,,,,"1,790  억원",코스닥 502위,28464992,500원  l  1주,28464992,622381,2.19%,N/A  l  N/A,"7,110  l  4,615",15.16배  l  415원,N/A  l  N/A,"1.57배  l  3,999원",,101.57배,+0.31%,1.91%,,,,,,
JW신약 *,1840.0,하락  9,-0.49%,1839.0,1840.0,54021.0,100.0,97290.0,2024-05-12,JW신약,067290,,,,,,,,,,,,,,,,,678  억원,코스닥 1138위,11000000,500원  l  1주,11000000,209245,1.90%,N/A  l  N/A,"7,980  l  5,870",N/A  l  -447원,N/A  l  N/A,"0.86배  l  7,147원",,101.57배,+0.31%,2.43%,,,,,,
퓨쳐켐 *,11970.0,하락  60,-0.50%,11960.0,11970.0,478669.0,5779.0,800440.0,2024-05-12,퓨쳐켐,220100,,,,,,,,,,,,,,,,,"2,763  억원",코스닥 314위,49069269,100원  l  1주,49069269,109866,0.22%,N/A  l  N/A,"8,140  l  5,420",57.45배  l  98원,N/A  l  N/A,"2.87배  l  1,965원",,101.57배,+0.31%,0.18%,,,,,,
프레스티지바이오파마,8020.0,하락  40,-0.50%,8020.0,8040.0,20303.0,162.0,26403.0,2024-05-12,프레스티지바이오파마,950210,337.0,14.0,15.0,4.15,4.45,,,,,,,,,,,,"1조  7,736  억원",코스피 165위,52240638,500원  l  1주,52240638,3128029,5.99%,"4.00매수  l  45,333","46,750  l  18,400",506.72배  l  67원,350.00배  l  97원,"9.24배  l  3,673원",,101.57배,+0.31%,,,,,,,
JW중외제약2우B,59000.0,하락  300,-0.51%,58500.0,59000.0,327.0,18.0,69.0,2024-05-12,JW중외제약2우B,001067,,,,,,,,,,,,,,,,,412  억원,코스닥 1429위,3800000,500원  l  1주,3800000,103507,2.72%,N/A  l  N/A,"19,450  l  9,690",N/A  l  -179원,N/A  l  N/A,"1.10배  l  9,829원",,101.57배,+0.31%,0.69%,,,,,,
안국약품 *,7640.0,하락  40,-0.52%,7640.0,7670.0,13780.0,105.0,6066.0,2024-05-12,안국약품,001540,,,,,,,,,,,,,,,,,"1,277  억원",코스닥 687위,10633173,500원  l  1주,10633173,4643311,43.67%,N/A  l  N/A,"12,420  l  7,880",15.80배  l  760원,N/A  l  N/A,"1.19배  l  10,062원",,101.57배,+0.31%,0.56%,,,,,,
하나제약,13250.0,하락  70,-0.53%,13240.0,13250.0,27648.0,366.0,29708.0,2024-05-12,하나제약,293480,,,,,,,,,,,,,,,,,"1,355  억원",코스피 798위,26100970,"1,000원  l  1주",26100970,1076794,4.13%,N/A  l  N/A,"7,990  l  5,020",N/A  l  -79원,N/A  l  N/A,"2.98배  l  1,741원",,101.57배,+0.31%,,,,,,,
애드바이오텍 *,2625.0,하락  15,-0.57%,2620.0,2625.0,4857.0,13.0,7089.0,2024-05-12,애드바이오텍,179530,,,,,,,,,,,,,,,,,"7,301  억원",코스피 298위,52984990,500원  l  1주,52984990,3948943,7.45%,N/A  l  N/A,"22,800  l  9,560","N/A  l  -1,039원",N/A  l  N/A,"2.62배  l  5,259원",,101.57배,+0.31%,,,,,,,
동아에스티,65200.0,하락  400,-0.61%,65200.0,65300.0,10361.0,676.0,15670.0,2024-05-12,동아에스티,170900,1896.0,253.0,172.0,13.35,9.07,,,,,717.0,42.62,,,,,,"7,114  억원",코스피 308위,23285930,"2,500원  l  1주",23285930,2259774,9.70%,"4.00매수  l  44,750","51,492  l  21,626","20.56배  l  1,486원","10.00배  l  2,955원","2.83배  l  10,789원",,101.57배,+0.31%,1.28%,,,,,,
대한뉴팜 *,8000.0,하락  50,-0.62%,7990.0,8000.0,20811.0,167.0,12421.0,2024-05-12,대한뉴팜,054670,,,,,,,,,,,,,,,,,"1,318  억원",코스닥 660위,87826844,100원  l  1주,87826844,1144141,1.30%,N/A  l  N/A,"1,950  l  1,125",53.61배  l  28원,N/A  l  N/A,2.42배  l  620원,,101.57배,+0.31%,,,,,,,
바이오플러스 *,6400.0,하락  40,-0.62%,6400.0,6410.0,164605.0,1056.0,76373.0,2024-05-12,바이오플러스,099430,,,,,,,,,,,,,,,,,874  억원,코스닥 963위,37734811,500원  l  1주,37734811,0,0.00%,N/A  l  N/A,"4,500  l  1,500",9.30배  l  249원,N/A  l  N/A,"2.27배  l  1,022원",,101.57배,+0.31%,,,,,,,
동구바이오제약 *,6290.0,하락  40,-0.63%,6290.0,6330.0,104427.0,659.0,138741.0,2024-05-12,동구바이오제약,006620,,,,,,,,,,,,,,,,,"2,938  억원",코스닥 293위,138892244,500원  l  1주,138892244,6293812,4.53%,N/A  l  N/A,"2,830  l  1,993",45.98배  l  46원,N/A  l  N/A,"1.54배  l  1,370원",,101.57배,+0.31%,,,,,,,
고려제약 *,6160.0,하락  40,-0.65%,6160.0,6170.0,10556.0,65.0,8296.0,2024-05-12,고려제약,014570,2250.0,50.0,,2.22,,,,,,,,,,,,,"3,026  억원",코스피 509위,5009861,"2,500원  l  1주",5009861,273036,5.45%,"4.00매수  l  70,000","64,300  l  45,400","6.44배  l  9,383원",N/A  l  N/A,"0.51배  l  118,253원",,101.57배,+0.31%,2.32%,,,,,,
국전약품 *,5630.0,하락  40,-0.71%,5630.0,5650.0,163534.0,922.0,236113.0,2024-05-12,국전약품,307750,509.0,90.0,86.0,17.68,16.9,,,,,543.0,23.02,,,,,,"1,979  억원",코스피 656위,15834554,"2,500원  l  1주",15834554,536869,3.39%,"4.00매수  l  16,000","15,160  l  11,690","7.03배  l  1,777원",N/A  l  N/A,"1.21배  l  10,294원",,101.57배,+0.31%,4.00%,,,,,,
한올바이오파마,33950.0,하락  250,-0.73%,33950.0,34000.0,224612.0,7726.0,242439.0,2024-05-12,한올바이오파마,009420,,,,,,,,,,,,,,,,,455  억원,코스닥 1383위,20000000,500원  l  1주,20000000,91893,0.46%,N/A  l  N/A,"3,543  l  1,781",N/A  l  -818원,N/A  l  N/A,"1.25배  l  1,813원",,101.57배,+0.31%,,,,,,,
대성미생물 *,10850.0,하락  80,-0.73%,10850.0,10890.0,18381.0,200.0,30164.0,2024-05-12,대성미생물,036480,,,,,,,,,,,,,,,,,"1,079  억원",코스닥 807위,13202139,200원  l  1주,13202139,126237,0.96%,N/A  l  N/A,"13,680  l  6,210",13.55배  l  603원,N/A  l  N/A,"1.19배  l  6,839원",,101.57배,+0.31%,1.22%,,,,,,
하이텍팜 *,12010.0,하락  90,-0.74%,12010.0,12090.0,52169.0,623.0,79429.0,2024-05-12,하이텍팜,106190,1420.0,144.0,114.0,10.16,8.05,,,,,545.0,26.87,,,,,,"3,251  억원",코스피 484위,22190194,500원  l  1주,22190194,3337468,15.04%,"4.00매수  l  23,667","19,490  l  13,530","13.47배  l  1,088원","10.00배  l  1,505원","1.17배  l  12,559원",,101.57배,+0.31%,2.05%,,,,,,
동성제약,5190.0,하락  40,-0.76%,5180.0,5190.0,30025.0,155.0,26064.0,2024-05-12,동성제약,002210,,,,,,,,,,,,,,,,,"3,026  억원",코스닥 283위,33580695,500원  l  1주,33580695,2233116,6.65%,N/A  l  N/A,"20,966  l  6,110","N/A  l  -1,405원",N/A  l  N/A,"4.28배  l  2,106원",,101.57배,+0.31%,,,,,,,
신풍제약,13780.0,하락  110,-0.79%,13780.0,13790.0,153362.0,2145.0,129554.0,2024-05-12,신풍제약,019170,,,,,,,,,,,,,,,,,"1,702  억원",코스닥 536위,17752276,500원  l  1주,17752276,439031,2.47%,N/A  l  N/A,"12,680  l  6,010",25.24배  l  380원,N/A  l  N/A,"1.70배  l  5,655원",,101.57배,+0.31%,1.04%,,,,,,
JW중외제약,30550.0,하락  250,-0.81%,30550.0,30600.0,60084.0,1834.0,73446.0,2024-05-12,JW중외제약,001060,3320.0,285.0,208.0,8.57,6.26,,,,,1968.0,57.27,,,,,,"1조  2,826  억원",코스피 201위,11586575,"2,500원  l  1주",11586575,1094413,9.45%,"4.00매수  l  162,857","127,600  l  88,300","10.54배  l  10,507원","13.00배  l  8,331원","1.66배  l  66,686원",,101.57배,+0.31%,0.54%,,,,,,
아미노로직스 *,1501.0,하락  13,-0.86%,1498.0,1501.0,133303.0,200.0,99352.0,2024-05-12,아미노로직스,074430,,,,,,,,,,,,,,,,,423  억원,코스닥 1418위,39378420,100원  l  1주,39378420,313210,0.80%,N/A  l  N/A,"1,464  l  970",12.79배  l  84원,N/A  l  N/A,1.10배  l  978원,,101.57배,+0.31%,,,,,,,
모아라이프플러스 *,2315.0,하락  20,-0.86%,2315.0,2320.0,367929.0,856.0,649122.0,2024-05-12,모아라이프플러스,142760,,,,,,,,,,,,,,,,,"2,733  억원",코스닥 318위,12621492,500원  l  1주,12621492,1035058,8.20%,N/A  l  N/A,"27,250  l  17,970","7.12배  l  3,041원",N/A  l  N/A,"0.53배  l  40,972원",,101.57배,+0.31%,,,,,,,2.42%
CMG제약 *,2115.0,하락  20,-0.94%,2110.0,2115.0,186972.0,398.0,172786.0,2024-05-12,CMG제약,058820,,,,,,,,,,,,,,,,,"4,333  억원",코스피 399위,28062501,"1,000원  l  1주",28062501,1585022,5.65%,"4.00매수  l  25,000","24,450  l  14,380","N/A  l  -2,912원",N/A  l  N/A,"2.55배  l  6,045원",,101.57배,+0.31%,,,,,,,
종근당홀딩스,60400.0,하락  600,-0.98%,60400.0,60500.0,3500.0,211.0,1366.0,2024-05-12,종근당홀딩스,001630,553.0,39.0,22.0,7.04,4.04,,,,,263.0,325.97,,,,,,"1조  7,268  억원",코스닥 24위,18933904,500원  l  1주,18933904,845699,4.47%,"4.00매수  l  106,667","103,100  l  59,900","87.61배  l  1,041원","53.00배  l  1,725원","4.46배  l  20,445원",,101.57배,+0.31%,0.55%,,,,,,
JW생명과학,12500.0,하락  130,-1.03%,12500.0,12560.0,10405.0,130.0,15691.0,2024-05-12,JW생명과학,234080,2492.0,206.0,146.0,8.25,5.86,,,,,244.0,44.82,,,,,,"7,556  억원",코스피 291위,68690000,500원  l  1주,68690000,6355722,9.25%,"4.00매수  l  16,333","13,750  l  7,440",18.80배  l  585원,12.00배  l  904원,"1.32배  l  8,331원",,101.57배,+0.31%,0.91%,,,,,,
그린생명과학 *,2275.0,하락  25,-1.09%,2270.0,2275.0,13193.0,30.0,21208.0,2024-05-12,그린생명과학,114450,,,,,,,,,,,,,,,,,534  억원,코스피 1152위,2200000,500원  l  1주,2200000,2789,0.13%,N/A  l  N/A,"39,400  l  16,150","N/A  l  -1,039원",N/A  l  N/A,"4.61배  l  5,259원",,101.57배,+0.31%,,,,,,,
위더스제약 *,8170.0,하락  90,-1.09%,8160.0,8170.0,10155.0,83.0,21134.0,2024-05-12,위더스제약,330350,,,,,,,,,,,,,,,,,"1,913  억원",코스닥 467위,24181020,500원  l  1주,24181020,322287,1.33%,N/A  l  N/A,"15,900  l  7,710",N/A  l  -645원,N/A  l  N/A,"2.51배  l  3,156원",,101.57배,+0.31%,,,,,,,
대원제약,14650.0,하락  170,-1.15%,14650.0,14670.0,47056.0,692.0,37470.0,2024-05-12,대원제약,003220,,,,,,,,,,,,,,,,,"2조  3,287  억원",코스피 143위,68391550,500원  l  1주,68391550,1768842,2.59%,N/A  l  N/A,"56,200  l  29,850","20.69배  l  1,646원",N/A  l  N/A,"2.93배  l  11,621원",,101.57배,+0.31%,0.59%,,,,,,
메드팩토 *,9010.0,하락  110,-1.21%,9010.0,9020.0,214423.0,1937.0,180519.0,2024-05-12,메드팩토,235980,,,,,,,,,,,,,,,,,"4,518  억원",코스피 392위,68454671,500원  l  1주,68454671,3242204,4.74%,N/A  l  N/A,"9,000  l  5,460",N/A  l  -441원,N/A  l  N/A,"2.00배  l  3,306원",,101.57배,+0.31%,,,,,,,
녹십자웰빙 *,9590.0,하락  120,-1.24%,9590.0,9620.0,85900.0,824.0,114490.0,2024-05-12,녹십자웰빙,234690,2628.0,197.0,,7.5,,,,,,,,,,,,,"6,698  억원",코스피 325위,6348913,"5,000원  l  1주",6348913,964237,15.19%,"4.00매수  l  152,500","121,400  l  76,800","11.55배  l  9,134원",N/A  l  N/A,"0.65배  l  161,977원",,101.57배,+0.31%,2.09%,,,,,,
대웅제약,110700.0,"하락  1,400",-1.25%,110700.0,110900.0,17844.0,1987.0,22380.0,2024-05-12,대웅제약,069620,,,,,,,,,,,,,,,,,"3,300  억원",코스닥 256위,21721650,"1,000원  l  1주",21721650,1051936,4.84%,"4.00매수  l  28,000","19,150  l  9,118",N/A  l  -662원,66.00배  l  230원,"5.67배  l  2,677원",,101.57배,+0.31%,,,,,,,
휴럼 *,1074.0,하락  14,-1.29%,1070.0,1074.0,72159.0,77.0,68180.0,2024-05-12,휴럼,353190,,,,,,,,,,,,,,,,,"9,651  억원",코스닥 68위,31746701,500원  l  1주,31746701,0,0.00%,N/A  l  N/A,"42,050  l  11,780",N/A  l  -666원,N/A  l  N/A,"10.45배  l  2,908원",,101.57배,+0.31%,,,,,,,
휴온스글로벌 *,21650.0,하락  300,-1.37%,21600.0,21650.0,11197.0,243.0,8610.0,2024-05-12,휴온스글로벌,084110,,,,,,,,,,,,,,,,,992  억원,코스닥 875위,56112263,100원  l  1주,56112263,338577,0.60%,N/A  l  N/A,"2,395  l  1,078",17.33배  l  102원,N/A  l  N/A,2.30배  l  770원,,101.57배,+0.31%,,,,,,,
일동제약,15440.0,하락  220,-1.40%,15440.0,15450.0,71192.0,1106.0,56829.0,2024-05-12,일동제약,249420,,,,,,,,,,,,,,,,,"2,077  억원",코스닥 420위,13855342,500원  l  1주,13855342,354281,2.56%,N/A  l  N/A,"21,350  l  8,250",N/A  l  -836원,N/A  l  N/A,"4.96배  l  3,021원",,101.57배,+0.31%,,,,,,,
엔솔바이오사이언스,4230.0,하락  65,-1.51%,4215.0,4230.0,5248.0,22371.0,14912.0,2024-05-12,엔솔바이오사이언스,140610,,,,,,,,,,,,,,,,,"1,890  억원",코스닥 475위,18616650,500원  l  1주,18616650,207299,1.11%,N/A  l  N/A,"15,980  l  7,390",N/A  l  -62원,N/A  l  N/A,"2.43배  l  4,181원",,101.57배,+0.31%,1.48%,,,,,,
에스티팜 *,91200.0,"하락  1,400",-1.51%,91200.0,91300.0,114373.0,10542.0,221182.0,2024-05-12,에스티팜,237690,,,,,,,,,,,,,,,,,"1,280  억원",코스닥 684위,11898263,500원  l  1주,11898263,117983,0.99%,N/A  l  N/A,"12,300  l  5,900",33.52배  l  321원,N/A  l  N/A,"1.09배  l  9,900원",,101.57배,+0.31%,0.93%,,,,,,
보령,11000.0,하락  170,-1.52%,11000.0,11010.0,152284.0,1680.0,69777.0,2024-05-12,보령,003850,1456.0,122.0,110.0,8.35,7.52,,,,,,,,,,,,"4,061  억원",코스닥 196위,11979665,500원  l  1주,11979665,2736681,22.84%,"4.00매수  l  57,667","49,500  l  28,900","8.03배  l  4,223원","8.00배  l  4,455원","1.24배  l  27,406원",,101.57배,+0.31%,,,,,,,1.86%
신풍제약우,24250.0,하락  400,-1.62%,24250.0,24300.0,5672.0,138.0,2370.0,2024-05-12,신풍제약우,019175,,,,,,,,,,,,,,,,,"1조  6,283  억원",코스닥 28위,107621909,500원  l  1주,107621909,9997731,9.29%,N/A  l  N/A,"24,361  l  8,048",N/A  l  -57원,N/A  l  N/A,"6.68배  l  2,266원",,101.57배,+0.31%,,,,,,,
씨티씨바이오 *,7910.0,하락  130,-1.62%,7900.0,7910.0,24918.0,199.0,51830.0,2024-05-12,씨티씨바이오,060590,,,,,,,,,,,,,,,,,859  억원,코스닥 971위,19165740,500원  l  1주,19165740,117454,0.61%,N/A  l  N/A,"7,900  l  4,510",N/A  l  -937원,N/A  l  N/A,"1.20배  l  3,730원",,101.57배,+0.31%,,,,,,,
한미사이언스,34050.0,하락  600,-1.73%,34000.0,34050.0,119693.0,4120.0,107434.0,2024-05-12,한미사이언스,008930,,,,,,,,,,,,,,,,,"13조  2,139  억원",코스닥 2위,130830364,500원  l  1주,130830364,25698764,19.64%,N/A  l  N/A,"129,000  l  27,550","N/A  l  -1,469원",N/A  l  N/A,"25.04배  l  4,034원",,101.57배,+0.31%,,,,,,,
부광약품,6600.0,하락  120,-1.79%,6600.0,6610.0,184849.0,1225.0,659661.0,2024-05-12,부광약품,003000,,,,,,,,,,,,,,,,,"1,922  억원",코스닥 462위,25862493,500원  l  1주,25862493,133359,0.52%,N/A  l  N/A,"11,370  l  6,290",N/A  l  -703원,N/A  l  N/A,"2.98배  l  2,497원",,101.57배,+0.31%,,,,,,,
동아쏘시오홀딩스,105500.0,"하락  2,000",-1.86%,105500.0,105800.0,8208.0,870.0,7341.0,2024-05-12,동아쏘시오홀딩스,000640,412.0,103.0,76.0,24.9,18.51,,,,,680.0,52.74,,,,,,"3,796  억원",코스닥 215위,11229930,500원  l  1주,11229930,534472,4.76%,"4.00매수  l  53,333","44,500  l  26,750","14.61배  l  2,314원","11.00배  l  3,197원","1.77배  l  19,055원",,101.57배,+0.31%,,,,,,,1.55%
에이프릴바이오 *,15190.0,하락  290,-1.87%,15190.0,15200.0,134956.0,2065.0,166529.0,2024-05-12,에이프릴바이오,397030,,,,,,,,,,,,,,,,,"1,279  억원",코스닥 685위,27922396,500원  l  1주,27922396,705463,2.53%,N/A  l  N/A,"6,040  l  2,275",N/A  l  -546원,N/A  l  N/A,10.88배  l  421원,,101.57배,+0.31%,,,,,,,
HLB제약 *,30400.0,하락  850,-2.72%,30350.0,30400.0,330123.0,10167.0,448576.0,2024-05-12,HLB제약,047920,,,,,,,,,,,,,,,,,"1,666  억원",코스닥 545위,85065562,500원  l  1주,85065562,7670858,9.02%,N/A  l  N/A,"2,220  l  1,110",N/A  l  -110원,N/A  l  N/A,"0.86배  l  2,273원",,101.57배,+0.31%,,,,,,,
씨엔알리서치 *,1768.0,하락  51,-2.80%,1767.0,1768.0,2015844.0,3553.0,1546839.0,2024-05-12,씨엔알리서치,359090,,,,,,,,,,,,,,,,,572  억원,코스닥 1242위,20467248,500원  l  1주,20467248,728512,3.56%,N/A  l  N/A,"10,200  l  2,060","N/A  l  -1,366원",N/A  l  N/A,"2.79배  l  1,001원",,101.57배,+0.31%,,,,,,,
